"","schedule_date","schedule_season","schedule_week","team_home","team_away","stadium","team_favorite_id","spread_favorite","over_under_line","weather_detail","weather_temperature","weather_wind_mph","score_home","score_away","game_id","team_home_id","team_away_id","stadium_type","schedule_playoff","schedule_week_1","schedule_week_last","schedule_day","schedule_month","schedule_sunday","division_matchup","team_home_favorite","spread_home","spread_away","spread_type","spread_outlier","over_under_outlier","team_home_elo_predicted","team_away_elo_predicted","team_home_offense_type","team_home_defense_type","team_away_offense_type","team_away_defense_type","team_home_offense_avg_pts_for","team_home_defense_avg_pts_for","team_away_offense_avg_pts_for","team_away_defense_avg_pts_for","team_home_win_prob","team_away_win_prob","team_winner_predicted","spread_home_predicted","spread_away_predicted","team_favorite_id_predicted","team_winner_ats","team_home_elo_pre","team_away_elo_pre","score_predicted","over_under_predicted","over_under_pick"
"9022",2017-09-28,2017,4,"Green Bay Packers","Chicago Bears","Lambeau Field","GB",-7.5,44.5,"Partly Cloudy",59,8,NA,NA,"20170928CHIGB","GB","CHI","outdoor",FALSE,FALSE,FALSE,"Thurs","Sep",FALSE,TRUE,TRUE,-7.5,7.5,"Home Favorite","1TD+","No Outlier",1152,701,"strong","weak","weak","weak",26.9375,24.4375,17.1875,24.9375,0.944590840636797,0.0554091593632033,"GB (94%)",-13,13,"GB","GB (-7.5)",1152,701,46.8,47,"Over (44.5)"
"9023",2017-10-01,2017,4,"Arizona Cardinals","San Francisco 49ers","University of Phoenix Stadium","PICK",-6.5,44.5,"DOME",72,0,NA,NA,"20171001SFARI","ARI","SF","retractable",FALSE,FALSE,FALSE,"Sun","Oct",TRUE,TRUE,FALSE,6.5,-6.5,"Home Underdog","No Outlier","No Outlier",1021,687,"strong","neutral","weak","weak",24.75,23.75,16.625,29.3125,0.881172481823458,0.118827518176542,"ARI (88%)",-10,10,"ARI","ARI (6.5)",1021,687,47.2,44,"Under (44.5)"
"9024",2017-10-01,2017,4,"Atlanta Falcons","Buffalo Bills","Georgia Dome","PICK",-8,48.5,"DOME",72,0,NA,NA,"20171001BUFATL","ATL","BUF","indoor",FALSE,FALSE,FALSE,"Sun","Oct",TRUE,FALSE,FALSE,8,-8,"Home Underdog","1TD+","Over 1sd",1229,909,"strong","weak","strong","neutral",33.625,24.1875,24.0625,21.8125,0.87105048235383,0.12894951764617,"ATL (87%)",-10,10,"ATL","ATL (8)",1229,909,51.8,50,"Over (48.5)"
"9025",2017-10-01,2017,4,"Baltimore Ravens","Pittsburgh Steelers","M&T Bank Stadium","PICK",-3,42,"Clear",69,5,NA,NA,"20171001PITBAL","BAL","PIT","outdoor",FALSE,FALSE,FALSE,"Sun","Oct",TRUE,TRUE,FALSE,3,-3,"Home Underdog","No Outlier","No Outlier",1004,1238,"neutral","neutral","neutral","neutral",21.8125,19,24,20.125,0.204029290703579,0.795970709296421,"PIT (80%)",2,-2,"BAL","BAL (3)",1004,1238,42.5,42,"PICK"
"9026",2017-10-01,2017,4,"Cleveland Browns","Cincinnati Bengals","FirstEnergy Stadium","PICK",-3,41.5,"Clear",67,5,NA,NA,"20171001CINCLE","CLE","CIN","outdoor",FALSE,FALSE,FALSE,"Sun","Oct",TRUE,TRUE,FALSE,3,-3,"Home Underdog","No Outlier","No Outlier",646,855,"weak","weak","neutral","neutral",16.375,27.6875,18.4375,18.875,0.229975788678961,0.770024211321039,"CIN (77%)",2.5,-2.5,"CLE","CLE (3)",646,855,40.7,41,"Under (41.5)"
"9027",2017-10-01,2017,4,"Dallas Cowboys","Los Angeles Rams","AT&T Stadium","DAL",-6,48.5,"DOME",72,0,NA,NA,"20171001LARDAL","DAL","LAR","retractable",FALSE,FALSE,FALSE,"Sun","Oct",TRUE,FALSE,TRUE,-6,6,"Home Favorite","No Outlier","Over 1sd",1155,777,"strong","neutral","weak","weak",25.6875,19.25,17.5625,24.9375,0.909295913623913,0.0907040863760872,"DAL (91%)",-11.5,11.5,"DAL","DAL (-6)",1155,777,43.7,45,"Under (48.5)"
"9028",2017-10-01,2017,4,"Denver Broncos","Oakland Raiders","Sports Authority Field at Mile High","DEN",-3,46,"Partly Cloudy",71,7,NA,NA,"20171001OAKDEN","DEN","OAK","outdoor",FALSE,FALSE,FALSE,"Sun","Oct",TRUE,TRUE,TRUE,-3,3,"Home Favorite","No Outlier","No Outlier",1160,1199,"neutral","neutral","strong","neutral",21.5,18.4375,26.5,22,0.445165327757078,0.554834672242922,"OAK (55%)",-2.5,2.5,"OAK","OAK (3)",1160,1199,44.2,45,"Under (46)"
"9029",2017-10-01,2017,4,"Houston Texans","Tennessee Titans","NRG Stadium","TEN",-2,43.5,"DOME",72,0,NA,NA,"20171001TENHOU","HOU","TEN","retractable",FALSE,FALSE,FALSE,"Sun","Oct",TRUE,TRUE,FALSE,2,-2,"Home Underdog","No Outlier","No Outlier",955,1007,"weak","neutral","strong","neutral",16.0625,21.25,25.125,23.75,0.427066442582152,0.572933557417848,"TEN (57%)",-1.5,1.5,"HOU","HOU (2)",955,1007,43.1,42,"Under (43.5)"
"9030",2017-10-01,2017,4,"Los Angeles Chargers","Philadelphia Eagles","StubHub Center","LAC",-1,47.5,"Clear",84,7,NA,NA,"20171001PHILAC","LAC","PHI","outdoor",FALSE,FALSE,FALSE,"Sun","Oct",TRUE,FALSE,TRUE,-1,1,"Home Favorite","No Outlier","Over 1sd",765,1036,"neutral","weak","neutral","neutral",23.9375,26.1875,22.4375,21.9375,0.168998683276954,0.831001316723046,"PHI (83%)",3.5,-3.5,"PHI","PHI (1)",765,1036,47.2,43,"Under (47.5)"
"9031",2017-10-01,2017,4,"Miami Dolphins","New Orleans Saints","Wembley Stadium","NO",-3,50.5,"Cloudy",85,9,NA,NA,"20171001NOMIA","MIA","NO","outdoor",FALSE,FALSE,FALSE,"Sun","Oct",TRUE,FALSE,FALSE,3,-3,"Home Underdog","No Outlier","Over 2sd",1121,943,"neutral","weak","strong","weak",23.25,24.0625,28.8125,29.25,0.735431857722528,0.264568142277472,"MIA (74%)",-7,7,"MIA","MIA (3)",1121,943,52.7,48,"Under (50.5)"
"9032",2017-10-01,2017,4,"Minnesota Vikings","Detroit Lions","U.S. Bank Stadium","MIN",-2,42.5,"DOME",72,0,NA,NA,"20171001DETMIN","MIN","DET","indoor",FALSE,FALSE,FALSE,"Sun","Oct",TRUE,TRUE,TRUE,-2,2,"Home Favorite","No Outlier","No Outlier",987,1147,"neutral","neutral","neutral","neutral",20.1875,20.125,21.9375,21.25,0.285803822476666,0.714196177523334,"DET (71%)",0.5,-0.5,"DET","DET (2)",987,1147,41.8,42,"Under (42.5)"
"9033",2017-10-01,2017,4,"New England Patriots","Carolina Panthers","Gillette Stadium","NE",-9,49,"Clear",67,5,NA,NA,"20171001CARNE","NE","CAR","outdoor",FALSE,FALSE,FALSE,"Sun","Oct",TRUE,FALSE,TRUE,-9,9,"Home Favorite","1TD+","Over 1sd",1266,1051,"strong","strong","neutral","neutral",28.125,16.6875,20.9375,22.5,0.77641448464954,0.22358551535046,"NE (78%)",-8,8,"CAR","CAR (9)",1266,1051,44.1,44,"Under (49)"
"9034",2017-10-01,2017,4,"New York Jets","Jacksonville Jaguars","MetLife Stadium","JAC",-3,38,"Clear",70,3,NA,NA,"20171001JAXNYJ","NYJ","JAX","outdoor",FALSE,FALSE,FALSE,"Sun","Oct",TRUE,FALSE,FALSE,3,-3,"Home Underdog","No Outlier","No Outlier",839,784,"weak","weak","neutral","neutral",15.5,26.3125,20.375,23.6875,0.577089937385459,0.422910062614541,"NYJ (58%)",-3.5,3.5,"NYJ","NYJ (3)",839,784,42.9,41,"Over (38)"
"9035",2017-10-01,2017,4,"Seattle Seahawks","Indianapolis Colts","CenturyLink Field","SEA",-13,41.5,"Clear",52,3,NA,NA,"20171001INDSEA","SEA","IND","outdoor",FALSE,FALSE,FALSE,"Sun","Oct",TRUE,FALSE,TRUE,-13,13,"Home Favorite","1TD1FG+","No Outlier",1058,877,"neutral","neutral","neutral","neutral",22.5,18.6875,23.625,23.8125,0.738891477580943,0.261108522419057,"SEA (74%)",-7,7,"IND","IND (13)",1058,877,44.3,41,"Under (41.5)"
"9036",2017-10-01,2017,4,"Tampa Bay Buccaneers","New York Giants","Raymond James Stadium","TB",-3,44.5,"Rainy",82,11,NA,NA,"20171001NYGTB","TB","NYG","outdoor",FALSE,FALSE,FALSE,"Sun","Oct",TRUE,FALSE,TRUE,-3,3,"Home Favorite","No Outlier","No Outlier",1098,1044,"neutral","neutral","weak","neutral",22,22,17.9375,18.4375,0.575705406702764,0.424294593297236,"TB (58%)",-4,4,"TB","TB (-3)",1098,1044,40.2,40,"Under (44.5)"
"9037",2017-10-02,2017,4,"Kansas City Chiefs","Washington Redskins","Arrowhead Stadium","KC",-7,49.5,"Partly Cloudy",77,13,NA,NA,"20171002WASKC","KC","WAS","outdoor",FALSE,FALSE,FALSE,"Mon","Oct",FALSE,FALSE,TRUE,-7,7,"Home Favorite","No Outlier","Over 1sd",1319,970,"strong","neutral","strong","neutral",25.8125,19.5,25.0625,23,0.891380163649817,0.108619836350183,"KC (89%)",-11,11,"KC","KC (-7)",1319,970,46.7,48,"Under (49.5)"
"9038",2017-10-05,2017,5,"Tampa Bay Buccaneers","New England Patriots","Raymond James Stadium","PICK",0,41,"",NA,NA,NA,NA,"20171005NETB","TB","NE","outdoor",FALSE,FALSE,FALSE,"Thurs","Oct",FALSE,FALSE,FALSE,0,0,"Pick","No Outlier","No Outlier",1098,1266,"neutral","neutral","strong","strong",22,22,28.125,16.6875,0.276266190786987,0.723733809213013,"NE (72%)",0.5,-0.5,"NE","NE (0)",1098,1266,44.4,43,"Over (41)"
"9039",2017-10-08,2017,5,"Cincinnati Bengals","Buffalo Bills","Paul Brown Stadium","PICK",0,41,"",NA,NA,NA,NA,"20171008BUFCIN","CIN","BUF","outdoor",FALSE,FALSE,FALSE,"Sun","Oct",TRUE,FALSE,FALSE,0,0,"Pick","No Outlier","No Outlier",855,909,"neutral","neutral","strong","neutral",18.4375,18.875,24.0625,21.8125,0.424294593297236,0.575705406702764,"BUF (58%)",-1.5,1.5,"CIN","CIN (0)",855,909,41.6,43,"Over (41)"
"9040",2017-10-08,2017,5,"Cleveland Browns","New York Jets","FirstEnergy Stadium","PICK",0,41,"",NA,NA,NA,NA,"20171008NYJCLE","CLE","NYJ","outdoor",FALSE,FALSE,FALSE,"Sun","Oct",TRUE,FALSE,FALSE,0,0,"Pick","No Outlier","No Outlier",646,839,"weak","weak","weak","weak",16.375,27.6875,15.5,26.3125,0.247506289394539,0.752493710605461,"NYJ (75%)",2,-2,"NYJ","NYJ (0)",646,839,42.9,41,"PICK"
"9041",2017-10-08,2017,5,"Dallas Cowboys","Green Bay Packers","AT&T Stadium","PICK",0,41,"DOME",72,0,NA,NA,"20171008GBDAL","DAL","GB","retractable",FALSE,FALSE,FALSE,"Sun","Oct",TRUE,FALSE,FALSE,0,0,"Pick","No Outlier","No Outlier",1155,1152,"strong","neutral","strong","weak",25.6875,19.25,26.9375,24.4375,0.504231342538787,0.495768657461213,"DAL (50%)",-3.5,3.5,"DAL","DAL (0)",1155,1152,48.2,50,"Over (41)"
"9042",2017-10-08,2017,5,"Detroit Lions","Carolina Panthers","Ford Field","PICK",0,41,"DOME",72,0,NA,NA,"20171008CARDET","DET","CAR","indoor",FALSE,FALSE,FALSE,"Sun","Oct",TRUE,FALSE,FALSE,0,0,"Pick","No Outlier","No Outlier",1147,1051,"neutral","neutral","neutral","neutral",21.9375,21.25,20.9375,22.5,0.632850029476896,0.367149970523104,"DET (63%)",-5,5,"DET","DET (0)",1147,1051,43.3,42,"Over (41)"
"9043",2017-10-08,2017,5,"Houston Texans","Kansas City Chiefs","NRG Stadium","PICK",0,41,"",NA,NA,NA,NA,"20171008KCHOU","HOU","KC","retractable",FALSE,FALSE,FALSE,"Sun","Oct",TRUE,FALSE,FALSE,0,0,"Pick","No Outlier","No Outlier",955,1319,"weak","neutral","strong","neutral",16.0625,21.25,25.8125,19.5,0.0990585871170294,0.900941412882971,"KC (90%)",5,-5,"KC","KC (0)",955,1319,41.3,44,"Over (41)"
"9044",2017-10-08,2017,5,"Indianapolis Colts","San Francisco 49ers","Lucas Oil Stadium","PICK",0,41,"",NA,NA,NA,NA,"20171008SFIND","IND","SF","retractable",FALSE,FALSE,FALSE,"Sun","Oct",TRUE,FALSE,FALSE,0,0,"Pick","No Outlier","No Outlier",877,687,"neutral","neutral","weak","weak",23.625,23.8125,16.625,29.3125,0.749129026855894,0.250870973144106,"IND (75%)",-6.5,6.5,"IND","IND (0)",877,687,46.7,40,"Under (41)"
"9045",2017-10-08,2017,5,"Los Angeles Rams","Seattle Seahawks","Los Angeles Memorial Coliseum","PICK",0,41,"",NA,NA,NA,NA,"20171008SEALAR","LAR","SEA","outdoor",FALSE,FALSE,FALSE,"Sun","Oct",TRUE,TRUE,FALSE,0,0,"Pick","No Outlier","No Outlier",777,1058,"weak","weak","neutral","neutral",17.5625,24.9375,22.5,18.6875,0.160236821702359,0.839763178297641,"SEA (84%)",3.5,-3.5,"SEA","SEA (0)",777,1058,41.8,42,"Over (41)"
"9046",2017-10-08,2017,5,"Miami Dolphins","Tennessee Titans","Hard Rock Stadium","PICK",0,41,"",NA,NA,NA,NA,"20171008TENMIA","MIA","TEN","outdoor",FALSE,FALSE,FALSE,"Sun","Oct",TRUE,FALSE,FALSE,0,0,"Pick","No Outlier","No Outlier",1121,1007,"neutral","weak","strong","neutral",23.25,24.0625,25.125,23.75,0.65654459717571,0.34345540282429,"MIA (66%)",-5.5,5.5,"MIA","MIA (0)",1121,1007,48.1,46,"Over (41)"
"9047",2017-10-08,2017,5,"New York Giants","Los Angeles Chargers","MetLife Stadium","PICK",0,41,"",NA,NA,NA,NA,"20171008LACNYG","NYG","LAC","outdoor",FALSE,FALSE,FALSE,"Sun","Oct",TRUE,FALSE,FALSE,0,0,"Pick","No Outlier","No Outlier",1044,765,"weak","neutral","neutral","weak",17.9375,18.4375,23.9375,26.1875,0.838034991218627,0.161965008781373,"NYG (84%)",-9,9,"NYG","NYG (0)",1044,765,43.2,41,"PICK"
"9048",2017-10-08,2017,5,"Oakland Raiders","Baltimore Ravens","Oakland Coliseum","PICK",0,41,"",NA,NA,NA,NA,"20171008BALOAK","OAK","BAL","outdoor",FALSE,FALSE,FALSE,"Sun","Oct",TRUE,FALSE,FALSE,0,0,"Pick","No Outlier","No Outlier",1199,1004,"strong","neutral","neutral","neutral",26.5,22,21.8125,19,0.754723365608353,0.245276634391647,"OAK (75%)",-7.5,7.5,"OAK","OAK (0)",1199,1004,44.7,45,"Over (41)"
"9049",2017-10-08,2017,5,"Philadelphia Eagles","Arizona Cardinals","Lincoln Financial Field","PICK",0,41,"",NA,NA,NA,NA,"20171008ARIPHI","PHI","ARI","outdoor",FALSE,FALSE,FALSE,"Sun","Oct",TRUE,FALSE,FALSE,0,0,"Pick","No Outlier","No Outlier",1036,1021,"neutral","neutral","strong","neutral",22.4375,21.9375,24.75,23.75,0.521147196170518,0.478852803829482,"PHI (52%)",-3,3,"PHI","PHI (0)",1036,1021,46.4,44,"Over (41)"
"9050",2017-10-08,2017,5,"Pittsburgh Steelers","Jacksonville Jaguars","Heinz Field","PICK",0,41,"",NA,NA,NA,NA,"20171008JAXPIT","PIT","JAX","outdoor",FALSE,FALSE,FALSE,"Sun","Oct",TRUE,FALSE,FALSE,0,0,"Pick","No Outlier","No Outlier",1238,784,"neutral","neutral","neutral","neutral",24,20.125,20.375,23.6875,0.945767664096167,0.0542323359038334,"PIT (95%)",-13,13,"PIT","PIT (0)",1238,784,44.1,41,"PICK"
"9051",2017-10-09,2017,5,"Chicago Bears","Minnesota Vikings","Soldier Field","PICK",0,41,"",NA,NA,NA,NA,"20171009MINCHI","CHI","MIN","outdoor",FALSE,FALSE,FALSE,"Mon","Oct",FALSE,TRUE,FALSE,0,0,"Pick","No Outlier","No Outlier",701,987,"weak","weak","neutral","neutral",17.1875,24.9375,20.1875,20.125,0.155969283193622,0.844030716806378,"MIN (84%)",4,-4,"MIN","MIN (0)",701,987,41.2,41,"PICK"
"9052",2017-10-12,2017,6,"Carolina Panthers","Philadelphia Eagles","Bank of America Stadium","PICK",0,41,"",NA,NA,NA,NA,"20171012PHICAR","CAR","PHI","outdoor",FALSE,FALSE,FALSE,"Thurs","Oct",FALSE,FALSE,FALSE,0,0,"Pick","No Outlier","No Outlier",1051,1036,"neutral","neutral","neutral","neutral",20.9375,22.5,22.4375,21.9375,0.521147196170518,0.478852803829482,"CAR (52%)",-3.5,3.5,"CAR","CAR (0)",1051,1036,43.9,41,"PICK"
"9053",2017-10-15,2017,6,"Arizona Cardinals","Tampa Bay Buccaneers","University of Phoenix Stadium","PICK",0,41,"DOME",72,0,NA,NA,"20171015TBARI","ARI","TB","retractable",FALSE,FALSE,FALSE,"Sun","Oct",TRUE,FALSE,FALSE,0,0,"Pick","No Outlier","No Outlier",1021,1098,"strong","neutral","neutral","neutral",24.75,23.75,22,22,0.392720238808759,0.607279761191241,"TB (61%)",-1,1,"ARI","ARI (0)",1021,1098,46.2,45,"Over (41)"
"9054",2017-10-15,2017,6,"Atlanta Falcons","Miami Dolphins","Georgia Dome","PICK",0,41,"DOME",72,0,NA,NA,"20171015MIAATL","ATL","MIA","indoor",FALSE,FALSE,FALSE,"Sun","Oct",TRUE,FALSE,FALSE,0,0,"Pick","No Outlier","No Outlier",1229,1121,"strong","weak","neutral","weak",33.625,24.1875,23.25,24.0625,0.648709109273506,0.351290890726494,"ATL (65%)",-5.5,5.5,"ATL","ATL (0)",1229,1121,52.6,50,"Over (41)"
"9055",2017-10-15,2017,6,"Baltimore Ravens","Chicago Bears","M&T Bank Stadium","PICK",0,41,"",NA,NA,NA,NA,"20171015CHIBAL","BAL","CHI","outdoor",FALSE,FALSE,FALSE,"Sun","Oct",TRUE,FALSE,FALSE,0,0,"Pick","No Outlier","No Outlier",1004,701,"neutral","neutral","weak","weak",21.8125,19,17.1875,24.9375,0.857975252397517,0.142024747602483,"BAL (86%)",-9.5,9.5,"BAL","BAL (0)",1004,701,41.5,41,"PICK"
"9056",2017-10-15,2017,6,"Denver Broncos","New York Giants","Sports Authority Field at Mile High","PICK",0,41,"",NA,NA,NA,NA,"20171015NYGDEN","DEN","NYG","outdoor",FALSE,FALSE,FALSE,"Sun","Oct",TRUE,FALSE,FALSE,0,0,"Pick","No Outlier","No Outlier",1160,1044,"neutral","neutral","weak","neutral",21.5,18.4375,17.9375,18.4375,0.659141747930476,0.340858252069524,"DEN (66%)",-5.5,5.5,"DEN","DEN (0)",1160,1044,38.2,41,"PICK"
"9057",2017-10-15,2017,6,"Houston Texans","Cleveland Browns","NRG Stadium","PICK",0,41,"",NA,NA,NA,NA,"20171015CLEHOU","HOU","CLE","retractable",FALSE,FALSE,FALSE,"Sun","Oct",TRUE,FALSE,FALSE,0,0,"Pick","No Outlier","No Outlier",955,646,"weak","neutral","weak","weak",16.0625,21.25,16.375,27.6875,0.862688906635075,0.137311093364925,"HOU (86%)",-9.5,9.5,"HOU","HOU (0)",955,646,40.7,39,"Under (41)"
"9058",2017-10-15,2017,6,"Jacksonville Jaguars","Los Angeles Rams","EverBank Field","PICK",0,41,"",NA,NA,NA,NA,"20171015LARJAX","JAX","LAR","outdoor",FALSE,FALSE,FALSE,"Sun","Oct",TRUE,FALSE,FALSE,0,0,"Pick","No Outlier","No Outlier",784,777,"neutral","neutral","weak","weak",20.375,23.6875,17.5625,24.9375,0.509872309903497,0.490127690096503,"JAX (51%)",-2.5,2.5,"JAX","JAX (0)",784,777,43.3,40,"Under (41)"
"9059",2017-10-15,2017,6,"Kansas City Chiefs","Pittsburgh Steelers","Arrowhead Stadium","PICK",0,41,"",NA,NA,NA,NA,"20171015PITKC","KC","PIT","outdoor",FALSE,FALSE,FALSE,"Sun","Oct",TRUE,FALSE,FALSE,0,0,"Pick","No Outlier","No Outlier",1319,1238,"strong","neutral","neutral","neutral",25.8125,19.5,24,20.125,0.612705782909538,0.387294217090462,"KC (61%)",-5.5,5.5,"KC","KC (0)",1319,1238,44.7,46,"Over (41)"
"9060",2017-10-15,2017,6,"Minnesota Vikings","Green Bay Packers","U.S. Bank Stadium","PICK",0,41,"DOME",72,0,NA,NA,"20171015GBMIN","MIN","GB","indoor",FALSE,FALSE,FALSE,"Sun","Oct",TRUE,TRUE,FALSE,0,0,"Pick","No Outlier","No Outlier",987,1152,"neutral","neutral","strong","weak",20.1875,20.125,26.9375,24.4375,0.279824448262885,0.720175551737115,"GB (72%)",0.5,-0.5,"GB","GB (0)",987,1152,45.8,46,"Over (41)"
"9061",2017-10-15,2017,6,"New Orleans Saints","Detroit Lions","Mercedes-Benz Superdome","PICK",0,41,"DOME",72,0,NA,NA,"20171015DETNO","NO","DET","indoor",FALSE,FALSE,FALSE,"Sun","Oct",TRUE,FALSE,FALSE,0,0,"Pick","No Outlier","No Outlier",943,1147,"strong","weak","neutral","neutral",28.8125,29.25,21.9375,21.25,0.235378190079415,0.764621809920585,"DET (76%)",1.5,-1.5,"DET","DET (0)",943,1147,50.6,48,"Over (41)"
"9062",2017-10-15,2017,6,"New York Jets","New England Patriots","MetLife Stadium","PICK",0,41,"",NA,NA,NA,NA,"20171015NENYJ","NYJ","NE","outdoor",FALSE,FALSE,FALSE,"Sun","Oct",TRUE,TRUE,FALSE,0,0,"Pick","No Outlier","No Outlier",839,1266,"weak","weak","strong","strong",15.5,26.3125,28.125,16.6875,0.0655634448441472,0.934436555155853,"NE (93%)",6.5,-6.5,"NE","NE (0)",839,1266,43.3,44,"Over (41)"
"9063",2017-10-15,2017,6,"Oakland Raiders","Los Angeles Chargers","Oakland Coliseum","PICK",0,41,"",NA,NA,NA,NA,"20171015LACOAK","OAK","LAC","outdoor",FALSE,FALSE,FALSE,"Sun","Oct",TRUE,TRUE,FALSE,0,0,"Pick","No Outlier","No Outlier",1199,765,"strong","neutral","neutral","weak",26.5,22,23.9375,26.1875,0.937537030620138,0.0624629693798621,"OAK (94%)",-12.5,12.5,"OAK","OAK (0)",1199,765,49.3,46,"Over (41)"
"9064",2017-10-15,2017,6,"Washington Redskins","San Francisco 49ers","FedExField","PICK",0,41,"",NA,NA,NA,NA,"20171015SFWAS","WAS","SF","outdoor",FALSE,FALSE,FALSE,"Sun","Oct",TRUE,FALSE,FALSE,0,0,"Pick","No Outlier","No Outlier",970,687,"strong","neutral","weak","weak",25.0625,23,16.625,29.3125,0.841479267456531,0.158520732543469,"WAS (84%)",-9,9,"WAS","WAS (0)",970,687,47,44,"Over (41)"
"9065",2017-10-16,2017,6,"Tennessee Titans","Indianapolis Colts","LP Stadium","PICK",0,41,"",NA,NA,NA,NA,"20171016INDTEN","TEN","IND","outdoor",FALSE,FALSE,FALSE,"Mon","Oct",FALSE,TRUE,FALSE,0,0,"Pick","No Outlier","No Outlier",1007,877,"strong","neutral","neutral","neutral",25.125,23.75,23.625,23.8125,0.677105286939867,0.322894713060133,"TEN (68%)",-5.5,5.5,"TEN","TEN (0)",1007,877,48.2,44,"Over (41)"
"9066",2017-10-19,2017,7,"Oakland Raiders","Kansas City Chiefs","Oakland Coliseum","PICK",0,41,"",NA,NA,NA,NA,"20171019KCOAK","OAK","KC","outdoor",FALSE,FALSE,FALSE,"Thurs","Oct",FALSE,TRUE,FALSE,0,0,"Pick","No Outlier","No Outlier",1199,1319,"strong","neutral","strong","neutral",26.5,22,25.8125,19.5,0.335686620270436,0.664313379729564,"KC (66%)",-1,1,"OAK","OAK (0)",1199,1319,46.9,49,"Over (41)"
"9067",2017-10-22,2017,7,"Buffalo Bills","Tampa Bay Buccaneers","New Era Field","PICK",0,41,"",NA,NA,NA,NA,"20171022TBBUF","BUF","TB","outdoor",FALSE,FALSE,FALSE,"Sun","Oct",TRUE,FALSE,FALSE,0,0,"Pick","No Outlier","No Outlier",909,1098,"strong","neutral","neutral","neutral",24.0625,21.8125,22,22,0.251997891106394,0.748002108893606,"TB (75%)",1.5,-1.5,"TB","TB (0)",909,1098,44.9,45,"Over (41)"
"9068",2017-10-22,2017,7,"Chicago Bears","Carolina Panthers","Soldier Field","PICK",0,41,"",NA,NA,NA,NA,"20171022CARCHI","CHI","CAR","outdoor",FALSE,FALSE,FALSE,"Sun","Oct",TRUE,FALSE,FALSE,0,0,"Pick","No Outlier","No Outlier",701,1051,"weak","weak","neutral","neutral",17.1875,24.9375,20.9375,22.5,0.10796246947007,0.89203753052993,"CAR (89%)",5.5,-5.5,"CAR","CAR (0)",701,1051,42.8,42,"Over (41)"
"9069",2017-10-22,2017,7,"Cleveland Browns","Tennessee Titans","FirstEnergy Stadium","PICK",0,41,"",NA,NA,NA,NA,"20171022TENCLE","CLE","TEN","outdoor",FALSE,FALSE,FALSE,"Sun","Oct",TRUE,FALSE,FALSE,0,0,"Pick","No Outlier","No Outlier",646,1007,"weak","weak","strong","neutral",16.375,27.6875,25.125,23.75,0.100919844044902,0.899080155955098,"TEN (90%)",6,-6,"TEN","TEN (0)",646,1007,46.5,44,"Over (41)"
"9070",2017-10-22,2017,7,"Green Bay Packers","New Orleans Saints","Lambeau Field","PICK",0,41,"",NA,NA,NA,NA,"20171022NOGB","GB","NO","outdoor",FALSE,FALSE,FALSE,"Sun","Oct",TRUE,FALSE,FALSE,0,0,"Pick","No Outlier","No Outlier",1152,943,"strong","weak","strong","weak",26.9375,24.4375,28.8125,29.25,0.770024211321039,0.229975788678961,"GB (77%)",-7.5,7.5,"GB","GB (0)",1152,943,54.7,52,"Over (41)"
"9071",2017-10-22,2017,7,"Indianapolis Colts","Jacksonville Jaguars","Lucas Oil Stadium","PICK",0,41,"",NA,NA,NA,NA,"20171022JAXIND","IND","JAX","retractable",FALSE,FALSE,FALSE,"Sun","Oct",TRUE,TRUE,FALSE,0,0,"Pick","No Outlier","No Outlier",877,784,"neutral","neutral","neutral","neutral",23.625,23.8125,20.375,23.6875,0.628848327155716,0.371151672844284,"IND (63%)",-4.5,4.5,"IND","IND (0)",877,784,45.8,40,"Under (41)"
"9072",2017-10-22,2017,7,"Los Angeles Chargers","Denver Broncos","StubHub Center","PICK",0,41,"",NA,NA,NA,NA,"20171022DENLAC","LAC","DEN","outdoor",FALSE,FALSE,FALSE,"Sun","Oct",TRUE,TRUE,FALSE,0,0,"Pick","No Outlier","No Outlier",765,1160,"neutral","weak","neutral","neutral",23.9375,26.1875,21.5,18.4375,0.0812765899282922,0.918723410071708,"DEN (92%)",6,-6,"DEN","DEN (0)",765,1160,45,44,"Over (41)"
"9073",2017-10-22,2017,7,"Los Angeles Rams","Arizona Cardinals","Twickenham Stadium","PICK",0,41,"",NA,NA,NA,NA,"20171022ARILAR","LAR","ARI","outdoor",FALSE,FALSE,FALSE,"Sun","Oct",TRUE,TRUE,FALSE,0,0,"Pick","No Outlier","No Outlier",777,1021,"weak","weak","strong","neutral",17.5625,24.9375,24.75,23.75,0.19415939056206,0.80584060943794,"ARI (81%)",3,-3,"ARI","ARI (0)",777,1021,45.5,44,"Over (41)"
"9074",2017-10-22,2017,7,"Miami Dolphins","New York Jets","Hard Rock Stadium","PICK",0,41,"",NA,NA,NA,NA,"20171022NYJMIA","MIA","NYJ","outdoor",FALSE,FALSE,FALSE,"Sun","Oct",TRUE,TRUE,FALSE,0,0,"Pick","No Outlier","No Outlier",1121,839,"neutral","weak","weak","weak",23.25,24.0625,15.5,26.3125,0.840622735177516,0.159377264822484,"MIA (84%)",-9,9,"MIA","MIA (0)",1121,839,44.6,44,"Over (41)"
"9075",2017-10-22,2017,7,"Minnesota Vikings","Baltimore Ravens","U.S. Bank Stadium","PICK",0,41,"DOME",72,0,NA,NA,"20171022BALMIN","MIN","BAL","indoor",FALSE,FALSE,FALSE,"Sun","Oct",TRUE,FALSE,FALSE,0,0,"Pick","No Outlier","No Outlier",987,1004,"neutral","neutral","neutral","neutral",20.1875,20.125,21.8125,19,0.476036371668315,0.523963628331685,"BAL (52%)",-2.5,2.5,"MIN","MIN (0)",987,1004,40.6,41,"PICK"
"9076",2017-10-22,2017,7,"New England Patriots","Atlanta Falcons","Gillette Stadium","PICK",0,41,"",NA,NA,NA,NA,"20171022ATLNE","NE","ATL","outdoor",FALSE,FALSE,FALSE,"Sun","Oct",TRUE,FALSE,FALSE,0,0,"Pick","No Outlier","No Outlier",1266,1229,"strong","strong","strong","weak",28.125,16.6875,33.625,24.1875,0.552039074560023,0.447960925439977,"NE (55%)",-4.5,4.5,"NE","NE (0)",1266,1229,51.3,49,"Over (41)"
"9077",2017-10-22,2017,7,"New York Giants","Seattle Seahawks","MetLife Stadium","PICK",0,41,"",NA,NA,NA,NA,"20171022SEANYG","NYG","SEA","outdoor",FALSE,FALSE,FALSE,"Sun","Oct",TRUE,FALSE,FALSE,0,0,"Pick","No Outlier","No Outlier",1044,1058,"weak","neutral","neutral","neutral",17.9375,18.4375,22.5,18.6875,0.480261424822928,0.519738575177072,"SEA (52%)",-2.5,2.5,"NYG","NYG (0)",1044,1058,38.8,40,"Under (41)"
"9078",2017-10-22,2017,7,"Pittsburgh Steelers","Cincinnati Bengals","Heinz Field","PICK",0,41,"",NA,NA,NA,NA,"20171022CINPIT","PIT","CIN","outdoor",FALSE,FALSE,FALSE,"Sun","Oct",TRUE,TRUE,FALSE,0,0,"Pick","No Outlier","No Outlier",1238,855,"neutral","neutral","neutral","neutral",24,20.125,18.4375,18.875,0.912149274865179,0.0878507251348208,"PIT (91%)",-11.5,11.5,"PIT","PIT (0)",1238,855,40.7,41,"PICK"
"9079",2017-10-22,2017,7,"San Francisco 49ers","Dallas Cowboys","Levi's Stadium","PICK",0,41,"",NA,NA,NA,NA,"20171022DALSF","SF","DAL","outdoor",FALSE,FALSE,FALSE,"Sun","Oct",TRUE,FALSE,FALSE,0,0,"Pick","No Outlier","No Outlier",687,1155,"weak","weak","strong","neutral",16.625,29.3125,25.6875,19.25,0.0489998005170322,0.951000199482968,"DAL (95%)",8,-8,"DAL","DAL (0)",687,1155,45.4,45,"Over (41)"
"9080",2017-10-23,2017,7,"Philadelphia Eagles","Washington Redskins","Lincoln Financial Field","PICK",0,41,"",NA,NA,NA,NA,"20171023WASPHI","PHI","WAS","outdoor",FALSE,FALSE,FALSE,"Mon","Oct",FALSE,TRUE,FALSE,0,0,"Pick","No Outlier","No Outlier",1036,970,"neutral","neutral","strong","neutral",22.4375,21.9375,25.0625,23,0.592253333348679,0.407746666651321,"PHI (59%)",-4.5,4.5,"PHI","PHI (0)",1036,970,46.2,44,"Over (41)"
"9081",2017-10-26,2017,8,"Baltimore Ravens","Miami Dolphins","M&T Bank Stadium","PICK",0,41,"",NA,NA,NA,NA,"20171026MIABAL","BAL","MIA","outdoor",FALSE,FALSE,FALSE,"Thurs","Oct",FALSE,FALSE,FALSE,0,0,"Pick","No Outlier","No Outlier",1004,1121,"neutral","neutral","neutral","weak",21.8125,19,23.25,24.0625,0.339562490257556,0.660437509742444,"MIA (66%)",-0.5,0.5,"BAL","BAL (0)",1004,1121,44.1,44,"Over (41)"
"9082",2017-10-29,2017,8,"Buffalo Bills","Oakland Raiders","New Era Field","PICK",0,41,"",NA,NA,NA,NA,"20171029OAKBUF","BUF","OAK","outdoor",FALSE,FALSE,FALSE,"Sun","Oct",TRUE,FALSE,FALSE,0,0,"Pick","No Outlier","No Outlier",909,1199,"strong","neutral","strong","neutral",24.0625,21.8125,26.5,22,0.152609688107296,0.847390311892704,"OAK (85%)",3.5,-3.5,"OAK","OAK (0)",909,1199,47.2,48,"Over (41)"
"9083",2017-10-29,2017,8,"Cincinnati Bengals","Indianapolis Colts","Paul Brown Stadium","PICK",0,41,"",NA,NA,NA,NA,"20171029INDCIN","CIN","IND","outdoor",FALSE,FALSE,FALSE,"Sun","Oct",TRUE,FALSE,FALSE,0,0,"Pick","No Outlier","No Outlier",855,877,"neutral","neutral","neutral","neutral",18.4375,18.875,23.625,23.8125,0.46900083354452,0.53099916645548,"IND (53%)",-2,2,"CIN","CIN (0)",855,877,42.4,40,"Under (41)"
"9084",2017-10-29,2017,8,"Cleveland Browns","Minnesota Vikings","Twickenham Stadium","PICK",0,41,"",NA,NA,NA,NA,"20171029MINCLE","CLE","MIN","outdoor",FALSE,FALSE,FALSE,"Sun","Oct",TRUE,FALSE,FALSE,0,0,"Pick","No Outlier","No Outlier",646,987,"weak","weak","neutral","neutral",16.375,27.6875,20.1875,20.125,0.11398258869082,0.88601741130918,"MIN (89%)",5.5,-5.5,"MIN","MIN (0)",646,987,42.2,41,"PICK"
"9085",2017-10-29,2017,8,"Detroit Lions","Pittsburgh Steelers","Ford Field","PICK",0,41,"DOME",72,0,NA,NA,"20171029PITDET","DET","PIT","indoor",FALSE,FALSE,FALSE,"Sun","Oct",TRUE,FALSE,FALSE,0,0,"Pick","No Outlier","No Outlier",1147,1238,"neutral","neutral","neutral","neutral",21.9375,21.25,24,20.125,0.373827266027752,0.626172733972248,"PIT (63%)",-1.5,1.5,"DET","DET (0)",1147,1238,43.7,43,"Over (41)"
"9086",2017-10-29,2017,8,"New England Patriots","Los Angeles Chargers","Gillette Stadium","PICK",0,41,"",NA,NA,NA,NA,"20171029LACNE","NE","LAC","outdoor",FALSE,FALSE,FALSE,"Sun","Oct",TRUE,FALSE,FALSE,0,0,"Pick","No Outlier","No Outlier",1266,765,"strong","strong","neutral","weak",28.125,16.6875,23.9375,26.1875,0.961744792929405,0.0382552070705955,"NE (96%)",-14,14,"NE","NE (0)",1266,765,47.5,44,"Over (41)"
"9087",2017-10-29,2017,8,"New Orleans Saints","Chicago Bears","Mercedes-Benz Superdome","PICK",0,41,"DOME",72,0,NA,NA,"20171029CHINO","NO","CHI","indoor",FALSE,FALSE,FALSE,"Sun","Oct",TRUE,FALSE,FALSE,0,0,"Pick","No Outlier","No Outlier",943,701,"strong","weak","weak","weak",28.8125,29.25,17.1875,24.9375,0.803890245141315,0.196109754858685,"NO (80%)",-8,8,"NO","NO (0)",943,701,50.1,46,"Over (41)"
"9088",2017-10-29,2017,8,"New York Jets","Atlanta Falcons","MetLife Stadium","PICK",0,41,"",NA,NA,NA,NA,"20171029ATLNYJ","NYJ","ATL","outdoor",FALSE,FALSE,FALSE,"Sun","Oct",TRUE,FALSE,FALSE,0,0,"Pick","No Outlier","No Outlier",839,1229,"weak","weak","strong","weak",15.5,26.3125,33.625,24.1875,0.0839692354940062,0.916030764505994,"ATL (92%)",6,-6,"ATL","ATL (0)",839,1229,49.8,47,"Over (41)"
"9089",2017-10-29,2017,8,"Philadelphia Eagles","San Francisco 49ers","Lincoln Financial Field","PICK",0,41,"",NA,NA,NA,NA,"20171029SFPHI","PHI","SF","outdoor",FALSE,FALSE,FALSE,"Sun","Oct",TRUE,FALSE,FALSE,0,0,"Pick","No Outlier","No Outlier",1036,687,"neutral","neutral","weak","weak",22.4375,21.9375,16.625,29.3125,0.891380163649817,0.108619836350183,"PHI (89%)",-10.5,10.5,"PHI","PHI (0)",1036,687,45.2,41,"PICK"
"9090",2017-10-29,2017,8,"Seattle Seahawks","Houston Texans","CenturyLink Field","PICK",0,41,"",NA,NA,NA,NA,"20171029HOUSEA","SEA","HOU","outdoor",FALSE,FALSE,FALSE,"Sun","Oct",TRUE,FALSE,FALSE,0,0,"Pick","No Outlier","No Outlier",1058,955,"neutral","neutral","weak","neutral",22.5,18.6875,16.0625,21.25,0.642130729831053,0.357869270168947,"SEA (64%)",-5,5,"SEA","SEA (0)",1058,955,39.2,40,"Under (41)"
"9091",2017-10-29,2017,8,"Tampa Bay Buccaneers","Carolina Panthers","Raymond James Stadium","PICK",0,41,"",NA,NA,NA,NA,"20171029CARTB","TB","CAR","outdoor",FALSE,FALSE,FALSE,"Sun","Oct",TRUE,TRUE,FALSE,0,0,"Pick","No Outlier","No Outlier",1098,1051,"neutral","neutral","neutral","neutral",22,22,20.9375,22.5,0.565988452959323,0.434011547040677,"TB (57%)",-4,4,"TB","TB (0)",1098,1051,43.7,42,"Over (41)"
"9092",2017-10-29,2017,8,"Washington Redskins","Dallas Cowboys","FedExField","PICK",0,41,"",NA,NA,NA,NA,"20171029DALWAS","WAS","DAL","outdoor",FALSE,FALSE,FALSE,"Sun","Oct",TRUE,TRUE,FALSE,0,0,"Pick","No Outlier","No Outlier",970,1155,"strong","neutral","strong","neutral",25.0625,23,25.6875,19.25,0.256532138929164,0.743467861070836,"DAL (74%)",1,-1,"DAL","DAL (0)",970,1155,46.5,48,"Over (41)"
"9093",2017-10-30,2017,8,"Kansas City Chiefs","Denver Broncos","Arrowhead Stadium","PICK",0,41,"",NA,NA,NA,NA,"20171030DENKC","KC","DEN","outdoor",FALSE,FALSE,FALSE,"Mon","Oct",FALSE,TRUE,FALSE,0,0,"Pick","No Outlier","No Outlier",1319,1160,"strong","neutral","neutral","neutral",25.8125,19.5,21.5,18.4375,0.712993050679244,0.287006949320756,"KC (71%)",-7,7,"KC","KC (0)",1319,1160,42.6,46,"Over (41)"
"9094",2017-11-02,2017,9,"New York Jets","Buffalo Bills","MetLife Stadium","PICK",0,41,"",NA,NA,NA,NA,"20171102BUFNYJ","NYJ","BUF","outdoor",FALSE,FALSE,FALSE,"Thurs","Nov",FALSE,TRUE,FALSE,0,0,"Pick","No Outlier","No Outlier",839,909,"weak","weak","strong","neutral",15.5,26.3125,24.0625,21.8125,0.402265531091562,0.597734468908438,"BUF (60%)",-1,1,"NYJ","NYJ (0)",839,909,43.8,44,"Over (41)"
"9095",2017-11-05,2017,9,"Carolina Panthers","Atlanta Falcons","Bank of America Stadium","PICK",0,41,"",NA,NA,NA,NA,"20171105ATLCAR","CAR","ATL","outdoor",FALSE,FALSE,FALSE,"Sun","Nov",TRUE,TRUE,FALSE,0,0,"Pick","No Outlier","No Outlier",1051,1229,"neutral","neutral","strong","weak",20.9375,22.5,33.625,24.1875,0.264568142277472,0.735431857722528,"ATL (74%)",1,-1,"ATL","ATL (0)",1051,1229,50.6,47,"Over (41)"
"9096",2017-11-05,2017,9,"Dallas Cowboys","Kansas City Chiefs","AT&T Stadium","PICK",0,41,"DOME",72,0,NA,NA,"20171105KCDAL","DAL","KC","retractable",FALSE,FALSE,FALSE,"Sun","Nov",TRUE,FALSE,FALSE,0,0,"Pick","No Outlier","No Outlier",1155,1319,"strong","neutral","strong","neutral",25.6875,19.25,25.8125,19.5,0.28101545492228,0.71898454507772,"KC (72%)",0.5,-0.5,"KC","KC (0)",1155,1319,45.1,49,"Over (41)"
"9097",2017-11-05,2017,9,"Houston Texans","Indianapolis Colts","NRG Stadium","PICK",0,41,"",NA,NA,NA,NA,"20171105INDHOU","HOU","IND","retractable",FALSE,FALSE,FALSE,"Sun","Nov",TRUE,TRUE,FALSE,0,0,"Pick","No Outlier","No Outlier",955,877,"weak","neutral","neutral","neutral",16.0625,21.25,23.625,23.8125,0.608638268112592,0.391361731887408,"HOU (61%)",-4.5,4.5,"HOU","HOU (0)",955,877,42.4,39,"Under (41)"
"9098",2017-11-05,2017,9,"Jacksonville Jaguars","Cincinnati Bengals","EverBank Field","PICK",0,41,"",NA,NA,NA,NA,"20171105CINJAX","JAX","CIN","outdoor",FALSE,FALSE,FALSE,"Sun","Nov",TRUE,FALSE,FALSE,0,0,"Pick","No Outlier","No Outlier",784,855,"neutral","neutral","neutral","neutral",20.375,23.6875,18.4375,18.875,0.400898199307426,0.599101800692574,"CIN (60%)",-1,1,"JAX","JAX (0)",784,855,40.7,40,"Under (41)"
"9099",2017-11-05,2017,9,"Miami Dolphins","Oakland Raiders","Hard Rock Stadium","PICK",0,41,"",NA,NA,NA,NA,"20171105OAKMIA","MIA","OAK","outdoor",FALSE,FALSE,FALSE,"Sun","Nov",TRUE,FALSE,FALSE,0,0,"Pick","No Outlier","No Outlier",1121,1199,"neutral","weak","strong","neutral",23.25,24.0625,26.5,22,0.391361731887408,0.608638268112592,"OAK (61%)",-1.5,1.5,"MIA","MIA (0)",1121,1199,47.9,47,"Over (41)"
"9100",2017-11-05,2017,9,"New Orleans Saints","Tampa Bay Buccaneers","Mercedes-Benz Superdome","PICK",0,41,"DOME",72,0,NA,NA,"20171105TBNO","NO","TB","indoor",FALSE,FALSE,FALSE,"Sun","Nov",TRUE,TRUE,FALSE,0,0,"Pick","No Outlier","No Outlier",943,1098,"strong","weak","neutral","neutral",28.8125,29.25,22,22,0.291843288827595,0.708156711172405,"TB (71%)",0.5,-0.5,"TB","TB (0)",943,1098,51,47,"Over (41)"
"9101",2017-11-05,2017,9,"New York Giants","Los Angeles Rams","MetLife Stadium","PICK",0,41,"",NA,NA,NA,NA,"20171105LARNYG","NYG","LAR","outdoor",FALSE,FALSE,FALSE,"Sun","Nov",TRUE,FALSE,FALSE,0,0,"Pick","No Outlier","No Outlier",1044,777,"weak","neutral","weak","weak",17.9375,18.4375,17.5625,24.9375,0.82741199552138,0.17258800447862,"NYG (83%)",-8.5,8.5,"NYG","NYG (0)",1044,777,39.4,40,"Under (41)"
"9102",2017-11-05,2017,9,"Philadelphia Eagles","Denver Broncos","Lincoln Financial Field","PICK",0,41,"",NA,NA,NA,NA,"20171105DENPHI","PHI","DEN","outdoor",FALSE,FALSE,FALSE,"Sun","Nov",TRUE,FALSE,FALSE,0,0,"Pick","No Outlier","No Outlier",1036,1160,"neutral","neutral","neutral","neutral",22.4375,21.9375,21.5,18.4375,0.330545924844605,0.669454075155395,"DEN (67%)",-0.5,0.5,"PHI","PHI (0)",1036,1160,42.2,42,"Over (41)"
"9103",2017-11-05,2017,9,"San Francisco 49ers","Arizona Cardinals","Levi's Stadium","PICK",0,41,"",NA,NA,NA,NA,"20171105ARISF","SF","ARI","outdoor",FALSE,FALSE,FALSE,"Sun","Nov",TRUE,TRUE,FALSE,0,0,"Pick","No Outlier","No Outlier",687,1021,"weak","weak","strong","neutral",16.625,29.3125,24.75,23.75,0.118827518176542,0.881172481823458,"ARI (88%)",5,-5,"ARI","ARI (0)",687,1021,47.2,44,"Over (41)"
"9104",2017-11-05,2017,9,"Seattle Seahawks","Washington Redskins","CenturyLink Field","PICK",0,41,"",NA,NA,NA,NA,"20171105WASSEA","SEA","WAS","outdoor",FALSE,FALSE,FALSE,"Sun","Nov",TRUE,FALSE,FALSE,0,0,"Pick","No Outlier","No Outlier",1058,970,"neutral","neutral","strong","neutral",22.5,18.6875,25.0625,23,0.622147955799564,0.377852044200436,"SEA (62%)",-5,5,"SEA","SEA (0)",1058,970,44.6,44,"Over (41)"
"9105",2017-11-05,2017,9,"Tennessee Titans","Baltimore Ravens","LP Stadium","PICK",0,41,"",NA,NA,NA,NA,"20171105BALTEN","TEN","BAL","outdoor",FALSE,FALSE,FALSE,"Sun","Nov",TRUE,FALSE,FALSE,0,0,"Pick","No Outlier","No Outlier",1007,1004,"strong","neutral","neutral","neutral",25.125,23.75,21.8125,19,0.504231342538787,0.495768657461213,"TEN (50%)",-3,3,"TEN","TEN (0)",1007,1004,44.8,45,"Over (41)"
"9106",2017-11-06,2017,9,"Green Bay Packers","Detroit Lions","Lambeau Field","PICK",0,41,"",NA,NA,NA,NA,"20171106DETGB","GB","DET","outdoor",FALSE,FALSE,FALSE,"Mon","Nov",FALSE,TRUE,FALSE,0,0,"Pick","No Outlier","No Outlier",1152,1147,"strong","weak","neutral","neutral",26.9375,24.4375,21.9375,21.25,0.507052002500637,0.492947997499363,"GB (51%)",-3.5,3.5,"GB","GB (0)",1152,1147,47.3,48,"Over (41)"
"9107",2017-11-09,2017,10,"Arizona Cardinals","Seattle Seahawks","University of Phoenix Stadium","PICK",0,41,"DOME",72,0,NA,NA,"20171109SEAARI","ARI","SEA","retractable",FALSE,FALSE,FALSE,"Thurs","Nov",FALSE,TRUE,FALSE,0,0,"Pick","No Outlier","No Outlier",1021,1058,"strong","neutral","neutral","neutral",24.75,23.75,22.5,18.6875,0.447960925439977,0.552039074560023,"SEA (55%)",-2,2,"ARI","ARI (0)",1021,1058,44.8,45,"Over (41)"
"9108",2017-11-12,2017,10,"Atlanta Falcons","Dallas Cowboys","Georgia Dome","PICK",0,41,"DOME",72,0,NA,NA,"20171112DALATL","ATL","DAL","indoor",FALSE,FALSE,FALSE,"Sun","Nov",TRUE,FALSE,FALSE,0,0,"Pick","No Outlier","No Outlier",1229,1155,"strong","weak","strong","neutral",33.625,24.1875,25.6875,19.25,0.603196454345174,0.396803545654826,"ATL (60%)",-5,5,"ATL","ATL (0)",1229,1155,51.4,51,"Over (41)"
"9109",2017-11-12,2017,10,"Buffalo Bills","New Orleans Saints","New Era Field","PICK",0,41,"",NA,NA,NA,NA,"20171112NOBUF","BUF","NO","outdoor",FALSE,FALSE,FALSE,"Sun","Nov",TRUE,FALSE,FALSE,0,0,"Pick","No Outlier","No Outlier",909,943,"strong","neutral","strong","weak",24.0625,21.8125,28.8125,29.25,0.452159129803887,0.547840870196113,"NO (55%)",-2,2,"BUF","BUF (0)",909,943,52,49,"Over (41)"
"9110",2017-11-12,2017,10,"Chicago Bears","Green Bay Packers","Soldier Field","PICK",0,41,"",NA,NA,NA,NA,"20171112GBCHI","CHI","GB","outdoor",FALSE,FALSE,FALSE,"Sun","Nov",TRUE,TRUE,FALSE,0,0,"Pick","No Outlier","No Outlier",701,1152,"weak","weak","strong","weak",17.1875,24.9375,26.9375,24.4375,0.0554091593632033,0.944590840636797,"GB (94%)",7.5,-7.5,"GB","GB (0)",701,1152,46.8,47,"Over (41)"
"9111",2017-11-12,2017,10,"Denver Broncos","New England Patriots","Sports Authority Field at Mile High","PICK",0,41,"",NA,NA,NA,NA,"20171112NEDEN","DEN","NE","outdoor",FALSE,FALSE,FALSE,"Sun","Nov",TRUE,FALSE,FALSE,0,0,"Pick","No Outlier","No Outlier",1160,1266,"neutral","neutral","strong","strong",21.5,18.4375,28.125,16.6875,0.353917030324288,0.646082969675712,"NE (65%)",-1,1,"DEN","DEN (0)",1160,1266,42.4,44,"Over (41)"
"9112",2017-11-12,2017,10,"Detroit Lions","Cleveland Browns","Ford Field","PICK",0,41,"DOME",72,0,NA,NA,"20171112CLEDET","DET","CLE","indoor",FALSE,FALSE,FALSE,"Sun","Nov",TRUE,FALSE,FALSE,0,0,"Pick","No Outlier","No Outlier",1147,646,"neutral","neutral","weak","weak",21.9375,21.25,16.375,27.6875,0.961744792929405,0.0382552070705955,"DET (96%)",-14,14,"DET","DET (0)",1147,646,43.6,41,"PICK"
"9113",2017-11-12,2017,10,"Indianapolis Colts","Pittsburgh Steelers","Lucas Oil Stadium","PICK",0,41,"",NA,NA,NA,NA,"20171112PITIND","IND","PIT","retractable",FALSE,FALSE,FALSE,"Sun","Nov",TRUE,FALSE,FALSE,0,0,"Pick","No Outlier","No Outlier",877,1238,"neutral","neutral","neutral","neutral",23.625,23.8125,24,20.125,0.100919844044902,0.899080155955098,"PIT (90%)",5,-5,"PIT","PIT (0)",877,1238,45.8,42,"Over (41)"
"9114",2017-11-12,2017,10,"Jacksonville Jaguars","Los Angeles Chargers","EverBank Field","PICK",0,41,"",NA,NA,NA,NA,"20171112LACJAX","JAX","LAC","outdoor",FALSE,FALSE,FALSE,"Sun","Nov",TRUE,FALSE,FALSE,0,0,"Pick","No Outlier","No Outlier",784,765,"neutral","neutral","neutral","weak",20.375,23.6875,23.9375,26.1875,0.526778863768491,0.473221136231509,"JAX (53%)",-2.5,2.5,"JAX","JAX (0)",784,765,47.1,42,"Over (41)"
"9115",2017-11-12,2017,10,"Los Angeles Rams","Houston Texans","Los Angeles Memorial Coliseum","PICK",0,41,"",NA,NA,NA,NA,"20171112HOULAR","LAR","HOU","outdoor",FALSE,FALSE,FALSE,"Sun","Nov",TRUE,FALSE,FALSE,0,0,"Pick","No Outlier","No Outlier",777,955,"weak","weak","weak","neutral",17.5625,24.9375,16.0625,21.25,0.264568142277472,0.735431857722528,"HOU (74%)",1.5,-1.5,"HOU","HOU (0)",777,955,39.9,40,"Under (41)"
"9116",2017-11-12,2017,10,"San Francisco 49ers","New York Giants","Levi's Stadium","PICK",0,41,"",NA,NA,NA,NA,"20171112NYGSF","SF","NYG","outdoor",FALSE,FALSE,FALSE,"Sun","Nov",TRUE,FALSE,FALSE,0,0,"Pick","No Outlier","No Outlier",687,1044,"weak","weak","weak","neutral",16.625,29.3125,17.9375,18.4375,0.103441003739016,0.896558996260984,"NYG (90%)",5.5,-5.5,"NYG","NYG (0)",687,1044,41.2,40,"Under (41)"
"9117",2017-11-12,2017,10,"Tampa Bay Buccaneers","New York Jets","Raymond James Stadium","PICK",0,41,"",NA,NA,NA,NA,"20171112NYJTB","TB","NYJ","outdoor",FALSE,FALSE,FALSE,"Sun","Nov",TRUE,FALSE,FALSE,0,0,"Pick","No Outlier","No Outlier",1098,839,"neutral","neutral","weak","weak",22,22,15.5,26.3125,0.820088728321153,0.179911271678847,"TB (82%)",-8.5,8.5,"TB","TB (0)",1098,839,42.9,41,"PICK"
"9118",2017-11-12,2017,10,"Tennessee Titans","Cincinnati Bengals","LP Stadium","PICK",0,41,"",NA,NA,NA,NA,"20171112CINTEN","TEN","CIN","outdoor",FALSE,FALSE,FALSE,"Sun","Nov",TRUE,FALSE,FALSE,0,0,"Pick","No Outlier","No Outlier",1007,855,"strong","neutral","neutral","neutral",25.125,23.75,18.4375,18.875,0.704504726709847,0.295495273290153,"TEN (70%)",-6,6,"TEN","TEN (0)",1007,855,43.1,44,"Over (41)"
"9119",2017-11-12,2017,10,"Washington Redskins","Minnesota Vikings","FedExField","PICK",0,41,"",NA,NA,NA,NA,"20171112MINWAS","WAS","MIN","outdoor",FALSE,FALSE,FALSE,"Sun","Nov",TRUE,FALSE,FALSE,0,0,"Pick","No Outlier","No Outlier",970,987,"strong","neutral","neutral","neutral",25.0625,23,20.1875,20.125,0.476036371668315,0.523963628331685,"MIN (52%)",-2.5,2.5,"WAS","WAS (0)",970,987,44.2,45,"Over (41)"
"9120",2017-11-13,2017,10,"Carolina Panthers","Miami Dolphins","Bank of America Stadium","PICK",0,41,"",NA,NA,NA,NA,"20171113MIACAR","CAR","MIA","outdoor",FALSE,FALSE,FALSE,"Mon","Nov",FALSE,FALSE,FALSE,0,0,"Pick","No Outlier","No Outlier",1051,1121,"neutral","neutral","neutral","weak",20.9375,22.5,23.25,24.0625,0.402265531091562,0.597734468908438,"MIA (60%)",-1.5,1.5,"CAR","CAR (0)",1051,1121,45.4,44,"Over (41)"
"9121",2017-11-16,2017,11,"Pittsburgh Steelers","Tennessee Titans","Heinz Field","PICK",0,41,"",NA,NA,NA,NA,"20171116TENPIT","PIT","TEN","outdoor",FALSE,FALSE,FALSE,"Thurs","Nov",FALSE,FALSE,FALSE,0,0,"Pick","No Outlier","No Outlier",1238,1007,"neutral","neutral","strong","neutral",24,20.125,25.125,23.75,0.792952435748726,0.207047564251274,"PIT (79%)",-8.5,8.5,"PIT","PIT (0)",1238,1007,46.5,44,"Over (41)"
"9122",2017-11-19,2017,11,"Chicago Bears","Detroit Lions","Soldier Field","PICK",0,41,"",NA,NA,NA,NA,"20171119DETCHI","CHI","DET","outdoor",FALSE,FALSE,FALSE,"Sun","Nov",TRUE,TRUE,FALSE,0,0,"Pick","No Outlier","No Outlier",701,1147,"weak","weak","neutral","neutral",17.1875,24.9375,21.9375,21.25,0.0574152379350418,0.942584762064958,"DET (94%)",7.5,-7.5,"DET","DET (0)",701,1147,42.7,42,"Over (41)"
"9123",2017-11-19,2017,11,"Cleveland Browns","Jacksonville Jaguars","FirstEnergy Stadium","PICK",0,41,"",NA,NA,NA,NA,"20171119JAXCLE","CLE","JAX","outdoor",FALSE,FALSE,FALSE,"Sun","Nov",TRUE,FALSE,FALSE,0,0,"Pick","No Outlier","No Outlier",646,784,"weak","weak","neutral","neutral",16.375,27.6875,20.375,23.6875,0.312809034238224,0.687190965761776,"JAX (69%)",1,-1,"JAX","JAX (0)",646,784,44.1,40,"Under (41)"
"9124",2017-11-19,2017,11,"Dallas Cowboys","Philadelphia Eagles","AT&T Stadium","PICK",0,41,"DOME",72,0,NA,NA,"20171119PHIDAL","DAL","PHI","retractable",FALSE,FALSE,FALSE,"Sun","Nov",TRUE,TRUE,FALSE,0,0,"Pick","No Outlier","No Outlier",1155,1036,"strong","neutral","neutral","neutral",25.6875,19.25,22.4375,21.9375,0.663023338990446,0.336976661009554,"DAL (66%)",-6,6,"DAL","DAL (0)",1155,1036,44.7,45,"Over (41)"
"9125",2017-11-19,2017,11,"Denver Broncos","Cincinnati Bengals","Sports Authority Field at Mile High","PICK",0,41,"",NA,NA,NA,NA,"20171119CINDEN","DEN","CIN","outdoor",FALSE,FALSE,FALSE,"Sun","Nov",TRUE,FALSE,FALSE,0,0,"Pick","No Outlier","No Outlier",1160,855,"neutral","neutral","neutral","neutral",21.5,18.4375,18.4375,18.875,0.85955849225909,0.14044150774091,"DEN (86%)",-9.5,9.5,"DEN","DEN (0)",1160,855,38.6,41,"PICK"
"9126",2017-11-19,2017,11,"Green Bay Packers","Baltimore Ravens","Lambeau Field","PICK",0,41,"",NA,NA,NA,NA,"20171119BALGB","GB","BAL","outdoor",FALSE,FALSE,FALSE,"Sun","Nov",TRUE,FALSE,FALSE,0,0,"Pick","No Outlier","No Outlier",1152,1004,"strong","weak","neutral","neutral",26.9375,24.4375,21.8125,19,0.6996029920215,0.3003970079785,"GB (70%)",-6.5,6.5,"GB","GB (0)",1152,1004,46.1,47,"Over (41)"
"9127",2017-11-19,2017,11,"Houston Texans","Arizona Cardinals","NRG Stadium","PICK",0,41,"",NA,NA,NA,NA,"20171119ARIHOU","HOU","ARI","retractable",FALSE,FALSE,FALSE,"Sun","Nov",TRUE,FALSE,FALSE,0,0,"Pick","No Outlier","No Outlier",955,1021,"weak","neutral","strong","neutral",16.0625,21.25,24.75,23.75,0.407746666651321,0.592253333348679,"ARI (59%)",-1.5,1.5,"HOU","HOU (0)",955,1021,42.9,42,"Over (41)"
"9128",2017-11-19,2017,11,"Los Angeles Chargers","Buffalo Bills","StubHub Center","PICK",0,41,"",NA,NA,NA,NA,"20171119BUFLAC","LAC","BUF","outdoor",FALSE,FALSE,FALSE,"Sun","Nov",TRUE,FALSE,FALSE,0,0,"Pick","No Outlier","No Outlier",765,909,"neutral","weak","strong","neutral",23.9375,26.1875,24.0625,21.8125,0.305335149435668,0.694664850564332,"BUF (69%)",1,-1,"BUF","BUF (0)",765,909,48,45,"Over (41)"
"9129",2017-11-19,2017,11,"Miami Dolphins","Tampa Bay Buccaneers","Hard Rock Stadium","PICK",0,41,"",NA,NA,NA,NA,"20171119TBMIA","MIA","TB","outdoor",FALSE,FALSE,FALSE,"Sun","Nov",TRUE,FALSE,FALSE,0,0,"Pick","No Outlier","No Outlier",1121,1098,"neutral","weak","neutral","neutral",23.25,24.0625,22,22,0.532405183911815,0.467594816088185,"MIA (53%)",-3.5,3.5,"MIA","MIA (0)",1121,1098,45.7,44,"Over (41)"
"9130",2017-11-19,2017,11,"Minnesota Vikings","Los Angeles Rams","U.S. Bank Stadium","PICK",0,41,"DOME",72,0,NA,NA,"20171119LARMIN","MIN","LAR","indoor",FALSE,FALSE,FALSE,"Sun","Nov",TRUE,FALSE,FALSE,0,0,"Pick","No Outlier","No Outlier",987,777,"neutral","neutral","weak","weak",20.1875,20.125,17.5625,24.9375,0.771096302904529,0.228903697095471,"MIN (77%)",-7.5,7.5,"MIN","MIN (0)",987,777,41.4,41,"PICK"
"9131",2017-11-19,2017,11,"New Orleans Saints","Washington Redskins","Mercedes-Benz Superdome","PICK",0,41,"DOME",72,0,NA,NA,"20171119WASNO","NO","WAS","indoor",FALSE,FALSE,FALSE,"Sun","Nov",TRUE,FALSE,FALSE,0,0,"Pick","No Outlier","No Outlier",943,970,"strong","weak","strong","neutral",28.8125,29.25,25.0625,23,0.461974962386335,0.538025037613665,"WAS (54%)",-2,2,"NO","NO (0)",943,970,53.1,49,"Over (41)"
"9132",2017-11-19,2017,11,"New York Giants","Kansas City Chiefs","MetLife Stadium","PICK",0,41,"",NA,NA,NA,NA,"20171119KCNYG","NYG","KC","outdoor",FALSE,FALSE,FALSE,"Sun","Nov",TRUE,FALSE,FALSE,0,0,"Pick","No Outlier","No Outlier",1044,1319,"weak","neutral","strong","neutral",17.9375,18.4375,25.8125,19.5,0.165457668556959,0.834542331443041,"KC (83%)",3,-3,"KC","KC (0)",1044,1319,40.8,44,"Over (41)"
"9133",2017-11-19,2017,11,"Oakland Raiders","New England Patriots","Estadio Azteca","PICK",0,41,"",NA,NA,NA,NA,"20171119NEOAK","OAK","NE","outdoor",FALSE,FALSE,FALSE,"Sun","Nov",TRUE,FALSE,FALSE,0,0,"Pick","No Outlier","No Outlier",1199,1266,"strong","neutral","strong","strong",26.5,22,28.125,16.6875,0.406374643731728,0.593625356268272,"NE (59%)",-2,2,"OAK","OAK (0)",1199,1266,46.7,47,"Over (41)"
"9134",2017-11-20,2017,11,"Seattle Seahawks","Atlanta Falcons","CenturyLink Field","PICK",0,41,"",NA,NA,NA,NA,"20171120ATLSEA","SEA","ATL","outdoor",FALSE,FALSE,FALSE,"Mon","Nov",FALSE,FALSE,FALSE,0,0,"Pick","No Outlier","No Outlier",1058,1229,"neutral","neutral","strong","weak",22.5,18.6875,33.625,24.1875,0.272730279658785,0.727269720341215,"ATL (73%)",0.5,-0.5,"ATL","ATL (0)",1058,1229,49.5,47,"Over (41)"
"9135",2017-11-23,2017,12,"Dallas Cowboys","Los Angeles Chargers","AT&T Stadium","PICK",0,41,"DOME",72,0,NA,NA,"20171123LACDAL","DAL","LAC","retractable",FALSE,FALSE,FALSE,"Thurs","Nov",FALSE,FALSE,FALSE,0,0,"Pick","No Outlier","No Outlier",1155,765,"strong","neutral","neutral","weak",25.6875,19.25,23.9375,26.1875,0.916030764505994,0.0839692354940061,"DAL (92%)",-11.5,11.5,"DAL","DAL (0)",1155,765,47.5,46,"Over (41)"
"9136",2017-11-23,2017,12,"Detroit Lions","Minnesota Vikings","Ford Field","PICK",0,41,"DOME",72,0,NA,NA,"20171123MINDET","DET","MIN","indoor",FALSE,FALSE,FALSE,"Thurs","Nov",FALSE,TRUE,FALSE,0,0,"Pick","No Outlier","No Outlier",1147,987,"neutral","neutral","neutral","neutral",21.9375,21.25,20.1875,20.125,0.714196177523334,0.285803822476666,"DET (71%)",-6.5,6.5,"DET","DET (0)",1147,987,41.8,41,"PICK"
"9137",2017-11-23,2017,12,"Washington Redskins","New York Giants","FedExField","PICK",0,41,"",NA,NA,NA,NA,"20171123NYGWAS","WAS","NYG","outdoor",FALSE,FALSE,FALSE,"Thurs","Nov",FALSE,TRUE,FALSE,0,0,"Pick","No Outlier","No Outlier",970,1044,"strong","neutral","weak","neutral",25.0625,23,17.9375,18.4375,0.396803545654826,0.603196454345174,"NYG (60%)",-1,1,"WAS","WAS (0)",970,1044,42.2,44,"Over (41)"
"9138",2017-11-26,2017,12,"Arizona Cardinals","Jacksonville Jaguars","University of Phoenix Stadium","PICK",0,41,"DOME",72,0,NA,NA,"20171126JAXARI","ARI","JAX","retractable",FALSE,FALSE,FALSE,"Sun","Nov",TRUE,FALSE,FALSE,0,0,"Pick","No Outlier","No Outlier",1021,784,"strong","neutral","neutral","neutral",24.75,23.75,20.375,23.6875,0.798962613605186,0.201037386394814,"ARI (80%)",-8,8,"ARI","ARI (0)",1021,784,46.3,44,"Over (41)"
"9139",2017-11-26,2017,12,"Atlanta Falcons","Tampa Bay Buccaneers","Georgia Dome","PICK",0,41,"DOME",72,0,NA,NA,"20171126TBATL","ATL","TB","indoor",FALSE,FALSE,FALSE,"Sun","Nov",TRUE,TRUE,FALSE,0,0,"Pick","No Outlier","No Outlier",1229,1098,"strong","weak","neutral","neutral",33.625,24.1875,22,22,0.67837334458506,0.32162665541494,"ATL (68%)",-6,6,"ATL","ATL (0)",1229,1098,50.9,48,"Over (41)"
"9140",2017-11-26,2017,12,"Cincinnati Bengals","Cleveland Browns","Paul Brown Stadium","PICK",0,41,"",NA,NA,NA,NA,"20171126CLECIN","CIN","CLE","outdoor",FALSE,FALSE,FALSE,"Sun","Nov",TRUE,TRUE,FALSE,0,0,"Pick","No Outlier","No Outlier",855,646,"neutral","neutral","weak","weak",18.4375,18.875,16.375,27.6875,0.770024211321039,0.229975788678961,"CIN (77%)",-7,7,"CIN","CIN (0)",855,646,40.7,40,"Under (41)"
"9141",2017-11-26,2017,12,"Indianapolis Colts","Tennessee Titans","Lucas Oil Stadium","PICK",0,41,"",NA,NA,NA,NA,"20171126TENIND","IND","TEN","retractable",FALSE,FALSE,FALSE,"Sun","Nov",TRUE,TRUE,FALSE,0,0,"Pick","No Outlier","No Outlier",877,1007,"neutral","neutral","strong","neutral",23.625,23.8125,25.125,23.75,0.322894713060133,0.677105286939867,"TEN (68%)",0.5,-0.5,"TEN","TEN (0)",877,1007,48.2,44,"Over (41)"
"9142",2017-11-26,2017,12,"Kansas City Chiefs","Buffalo Bills","Arrowhead Stadium","PICK",0,41,"",NA,NA,NA,NA,"20171126BUFKC","KC","BUF","outdoor",FALSE,FALSE,FALSE,"Sun","Nov",TRUE,FALSE,FALSE,0,0,"Pick","No Outlier","No Outlier",1319,909,"strong","neutral","strong","neutral",25.8125,19.5,24.0625,21.8125,0.926410613284186,0.0735893867158138,"KC (93%)",-12.5,12.5,"KC","KC (0)",1319,909,45.6,48,"Over (41)"
"9143",2017-11-26,2017,12,"Los Angeles Rams","New Orleans Saints","Los Angeles Memorial Coliseum","PICK",0,41,"",NA,NA,NA,NA,"20171126NOLAR","LAR","NO","outdoor",FALSE,FALSE,FALSE,"Sun","Nov",TRUE,FALSE,FALSE,0,0,"Pick","No Outlier","No Outlier",777,943,"weak","weak","strong","weak",17.5625,24.9375,28.8125,29.25,0.278635895520696,0.721364104479304,"NO (72%)",1.5,-1.5,"NO","NO (0)",777,943,50.3,46,"Over (41)"
"9144",2017-11-26,2017,12,"New England Patriots","Miami Dolphins","Gillette Stadium","PICK",0,41,"",NA,NA,NA,NA,"20171126MIANE","NE","MIA","outdoor",FALSE,FALSE,FALSE,"Sun","Nov",TRUE,TRUE,FALSE,0,0,"Pick","No Outlier","No Outlier",1266,1121,"strong","strong","neutral","weak",28.125,16.6875,23.25,24.0625,0.695902759781769,0.304097240218231,"NE (70%)",-6.5,6.5,"NE","NE (0)",1266,1121,46.1,46,"Over (41)"
"9145",2017-11-26,2017,12,"New York Jets","Carolina Panthers","MetLife Stadium","PICK",0,41,"",NA,NA,NA,NA,"20171126CARNYJ","NYJ","CAR","outdoor",FALSE,FALSE,FALSE,"Sun","Nov",TRUE,FALSE,FALSE,0,0,"Pick","No Outlier","No Outlier",839,1051,"weak","weak","neutral","neutral",15.5,26.3125,20.9375,22.5,0.226767951532429,0.773232048467571,"CAR (77%)",2,-2,"CAR","CAR (0)",839,1051,42.6,42,"Over (41)"
"9146",2017-11-26,2017,12,"Oakland Raiders","Denver Broncos","Oakland Coliseum","PICK",0,41,"",NA,NA,NA,NA,"20171126DENOAK","OAK","DEN","outdoor",FALSE,FALSE,FALSE,"Sun","Nov",TRUE,TRUE,FALSE,0,0,"Pick","No Outlier","No Outlier",1199,1160,"strong","neutral","neutral","neutral",26.5,22,21.5,18.4375,0.554834672242922,0.445165327757078,"OAK (55%)",-4,4,"OAK","OAK (0)",1199,1160,44.2,46,"Over (41)"
"9147",2017-11-26,2017,12,"Philadelphia Eagles","Chicago Bears","Lincoln Financial Field","PICK",0,41,"",NA,NA,NA,NA,"20171126CHIPHI","PHI","CHI","outdoor",FALSE,FALSE,FALSE,"Sun","Nov",TRUE,FALSE,FALSE,0,0,"Pick","No Outlier","No Outlier",1036,701,"neutral","neutral","weak","weak",22.4375,21.9375,17.1875,24.9375,0.88187338321793,0.11812661678207,"PHI (88%)",-10,10,"PHI","PHI (0)",1036,701,43.2,41,"PICK"
"9148",2017-11-26,2017,12,"Pittsburgh Steelers","Green Bay Packers","Heinz Field","PICK",0,41,"",NA,NA,NA,NA,"20171126GBPIT","PIT","GB","outdoor",FALSE,FALSE,FALSE,"Sun","Nov",TRUE,FALSE,FALSE,0,0,"Pick","No Outlier","No Outlier",1238,1152,"neutral","neutral","strong","weak",24,20.125,26.9375,24.4375,0.619457354141569,0.380542645858431,"PIT (62%)",-5.5,5.5,"PIT","PIT (0)",1238,1152,47.8,47,"Over (41)"
"9149",2017-11-26,2017,12,"San Francisco 49ers","Seattle Seahawks","Levi's Stadium","PICK",0,41,"",NA,NA,NA,NA,"20171126SEASF","SF","SEA","outdoor",FALSE,FALSE,FALSE,"Sun","Nov",TRUE,TRUE,FALSE,0,0,"Pick","No Outlier","No Outlier",687,1058,"weak","weak","neutral","neutral",16.625,29.3125,22.5,18.6875,0.0948135441647628,0.905186455835237,"SEA (91%)",6,-6,"SEA","SEA (0)",687,1058,43.6,42,"Over (41)"
"9150",2017-11-27,2017,12,"Baltimore Ravens","Houston Texans","M&T Bank Stadium","PICK",0,41,"",NA,NA,NA,NA,"20171127HOUBAL","BAL","HOU","outdoor",FALSE,FALSE,FALSE,"Mon","Nov",FALSE,FALSE,FALSE,0,0,"Pick","No Outlier","No Outlier",1004,955,"neutral","neutral","weak","neutral",21.8125,19,16.0625,21.25,0.568769064677976,0.431230935322024,"BAL (57%)",-4,4,"BAL","BAL (0)",1004,955,39.1,40,"Under (41)"
"9151",2017-11-30,2017,13,"Dallas Cowboys","Washington Redskins","AT&T Stadium","PICK",0,41,"DOME",72,0,NA,NA,"20171130WASDAL","DAL","WAS","retractable",FALSE,FALSE,FALSE,"Thurs","Nov",FALSE,TRUE,FALSE,0,0,"Pick","No Outlier","No Outlier",1155,970,"strong","neutral","strong","neutral",25.6875,19.25,25.0625,23,0.743467861070836,0.256532138929164,"DAL (74%)",-7,7,"DAL","DAL (0)",1155,970,46.5,48,"Over (41)"
"9152",2017-12-03,2017,13,"Arizona Cardinals","Los Angeles Rams","University of Phoenix Stadium","PICK",0,41,"DOME",72,0,NA,NA,"20171203LARARI","ARI","LAR","retractable",FALSE,FALSE,FALSE,"Sun","Dec",TRUE,TRUE,FALSE,0,0,"Pick","No Outlier","No Outlier",1021,777,"strong","neutral","weak","weak",24.75,23.75,17.5625,24.9375,0.80584060943794,0.19415939056206,"ARI (81%)",-8,8,"ARI","ARI (0)",1021,777,45.5,44,"Over (41)"
"9153",2017-12-03,2017,13,"Atlanta Falcons","Minnesota Vikings","Georgia Dome","PICK",0,41,"DOME",72,0,NA,NA,"20171203MINATL","ATL","MIN","indoor",FALSE,FALSE,FALSE,"Sun","Dec",TRUE,FALSE,FALSE,0,0,"Pick","No Outlier","No Outlier",1229,987,"strong","weak","neutral","neutral",33.625,24.1875,20.1875,20.125,0.803890245141315,0.196109754858685,"ATL (80%)",-8.5,8.5,"ATL","ATL (0)",1229,987,49.1,47,"Over (41)"
"9154",2017-12-03,2017,13,"Baltimore Ravens","Detroit Lions","M&T Bank Stadium","PICK",0,41,"",NA,NA,NA,NA,"20171203DETBAL","BAL","DET","outdoor",FALSE,FALSE,FALSE,"Sun","Dec",TRUE,FALSE,FALSE,0,0,"Pick","No Outlier","No Outlier",1004,1147,"neutral","neutral","neutral","neutral",21.8125,19,21.9375,21.25,0.306575288893988,0.693424711106012,"DET (69%)",0,0,"PICK","PICK",1004,1147,42,42,"Over (41)"
"9155",2017-12-03,2017,13,"Buffalo Bills","New England Patriots","New Era Field","PICK",0,41,"",NA,NA,NA,NA,"20171203NEBUF","BUF","NE","outdoor",FALSE,FALSE,FALSE,"Sun","Dec",TRUE,TRUE,FALSE,0,0,"Pick","No Outlier","No Outlier",909,1266,"strong","neutral","strong","strong",24.0625,21.8125,28.125,16.6875,0.103441003739016,0.896558996260984,"NE (90%)",5,-5,"NE","NE (0)",909,1266,45.3,47,"Over (41)"
"9156",2017-12-03,2017,13,"Chicago Bears","San Francisco 49ers","Soldier Field","PICK",0,41,"",NA,NA,NA,NA,"20171203SFCHI","CHI","SF","outdoor",FALSE,FALSE,FALSE,"Sun","Dec",TRUE,FALSE,FALSE,0,0,"Pick","No Outlier","No Outlier",701,687,"weak","weak","weak","weak",17.1875,24.9375,16.625,29.3125,0.519738575177072,0.480261424822928,"CHI (52%)",-2.5,2.5,"CHI","CHI (0)",701,687,44,41,"PICK"
"9157",2017-12-03,2017,13,"Green Bay Packers","Tampa Bay Buccaneers","Lambeau Field","PICK",0,41,"",NA,NA,NA,NA,"20171203TBGB","GB","TB","outdoor",FALSE,FALSE,FALSE,"Sun","Dec",TRUE,FALSE,FALSE,0,0,"Pick","No Outlier","No Outlier",1152,1098,"strong","weak","neutral","neutral",26.9375,24.4375,22,22,0.575705406702764,0.424294593297236,"GB (58%)",-4.5,4.5,"GB","GB (0)",1152,1098,47.7,48,"Over (41)"
"9158",2017-12-03,2017,13,"Jacksonville Jaguars","Indianapolis Colts","EverBank Field","PICK",0,41,"",NA,NA,NA,NA,"20171203INDJAX","JAX","IND","outdoor",FALSE,FALSE,FALSE,"Sun","Dec",TRUE,TRUE,FALSE,0,0,"Pick","No Outlier","No Outlier",784,877,"neutral","neutral","neutral","neutral",20.375,23.6875,23.625,23.8125,0.371151672844284,0.628848327155716,"IND (63%)",-0.5,0.5,"JAX","JAX (0)",784,877,45.8,40,"Under (41)"
"9159",2017-12-03,2017,13,"Los Angeles Chargers","Cleveland Browns","StubHub Center","PICK",0,41,"",NA,NA,NA,NA,"20171203CLELAC","LAC","CLE","outdoor",FALSE,FALSE,FALSE,"Sun","Dec",TRUE,FALSE,FALSE,0,0,"Pick","No Outlier","No Outlier",765,646,"neutral","weak","weak","weak",23.9375,26.1875,16.375,27.6875,0.663023338990446,0.336976661009554,"LAC (66%)",-5,5,"LAC","LAC (0)",765,646,47.1,42,"Over (41)"
"9160",2017-12-03,2017,13,"Miami Dolphins","Denver Broncos","Hard Rock Stadium","PICK",0,41,"",NA,NA,NA,NA,"20171203DENMIA","MIA","DEN","outdoor",FALSE,FALSE,FALSE,"Sun","Dec",TRUE,FALSE,FALSE,0,0,"Pick","No Outlier","No Outlier",1121,1160,"neutral","weak","neutral","neutral",23.25,24.0625,21.5,18.4375,0.445165327757078,0.554834672242922,"DEN (55%)",-2.5,2.5,"MIA","MIA (0)",1121,1160,43.6,44,"Over (41)"
"9161",2017-12-03,2017,13,"New Orleans Saints","Carolina Panthers","Mercedes-Benz Superdome","PICK",0,41,"DOME",72,0,NA,NA,"20171203CARNO","NO","CAR","indoor",FALSE,FALSE,FALSE,"Sun","Dec",TRUE,TRUE,FALSE,0,0,"Pick","No Outlier","No Outlier",943,1051,"strong","weak","neutral","neutral",28.8125,29.25,20.9375,22.5,0.351290890726494,0.648709109273506,"CAR (65%)",-0.5,0.5,"NO","NO (0)",943,1051,50.8,47,"Over (41)"
"9162",2017-12-03,2017,13,"New York Jets","Kansas City Chiefs","MetLife Stadium","PICK",0,41,"",NA,NA,NA,NA,"20171203KCNYJ","NYJ","KC","outdoor",FALSE,FALSE,FALSE,"Sun","Dec",TRUE,FALSE,FALSE,0,0,"Pick","No Outlier","No Outlier",839,1319,"weak","weak","strong","neutral",15.5,26.3125,25.8125,19.5,0.0448430108851823,0.955156989114818,"KC (96%)",8,-8,"KC","KC (0)",839,1319,43.6,46,"Over (41)"
"9163",2017-12-03,2017,13,"Oakland Raiders","New York Giants","Oakland Coliseum","PICK",0,41,"",NA,NA,NA,NA,"20171203NYGOAK","OAK","NYG","outdoor",FALSE,FALSE,FALSE,"Sun","Dec",TRUE,FALSE,FALSE,0,0,"Pick","No Outlier","No Outlier",1199,1044,"strong","neutral","weak","neutral",26.5,22,17.9375,18.4375,0.708156711172405,0.291843288827595,"OAK (71%)",-6.5,6.5,"OAK","OAK (0)",1199,1044,42.4,44,"Over (41)"
"9164",2017-12-03,2017,13,"Seattle Seahawks","Philadelphia Eagles","CenturyLink Field","PICK",0,41,"",NA,NA,NA,NA,"20171203PHISEA","SEA","PHI","outdoor",FALSE,FALSE,FALSE,"Sun","Dec",TRUE,FALSE,FALSE,0,0,"Pick","No Outlier","No Outlier",1058,1036,"neutral","neutral","neutral","neutral",22.5,18.6875,22.4375,21.9375,0.53099916645548,0.46900083354452,"SEA (53%)",-3.5,3.5,"SEA","SEA (0)",1058,1036,42.8,41,"PICK"
"9165",2017-12-03,2017,13,"Tennessee Titans","Houston Texans","LP Stadium","PICK",0,41,"",NA,NA,NA,NA,"20171203HOUTEN","TEN","HOU","outdoor",FALSE,FALSE,FALSE,"Sun","Dec",TRUE,TRUE,FALSE,0,0,"Pick","No Outlier","No Outlier",1007,955,"strong","neutral","weak","neutral",25.125,23.75,16.0625,21.25,0.572933557417848,0.427066442582152,"TEN (57%)",-4,4,"TEN","TEN (0)",1007,955,43.1,43,"Over (41)"
"9166",2017-12-04,2017,13,"Cincinnati Bengals","Pittsburgh Steelers","Paul Brown Stadium","PICK",0,41,"",NA,NA,NA,NA,"20171204PITCIN","CIN","PIT","outdoor",FALSE,FALSE,FALSE,"Mon","Dec",FALSE,TRUE,FALSE,0,0,"Pick","No Outlier","No Outlier",855,1238,"neutral","neutral","neutral","neutral",18.4375,18.875,24,20.125,0.0878507251348208,0.912149274865179,"PIT (91%)",5.5,-5.5,"PIT","PIT (0)",855,1238,40.7,42,"Over (41)"
"9167",2017-12-07,2017,14,"Atlanta Falcons","New Orleans Saints","Georgia Dome","PICK",0,41,"DOME",72,0,NA,NA,"20171207NOATL","ATL","NO","indoor",FALSE,FALSE,FALSE,"Thurs","Dec",FALSE,TRUE,FALSE,0,0,"Pick","No Outlier","No Outlier",1229,943,"strong","weak","strong","weak",33.625,24.1875,28.8125,29.25,0.844030716806378,0.155969283193622,"ATL (84%)",-9.5,9.5,"ATL","ATL (0)",1229,943,57.9,52,"Over (41)"
"9168",2017-12-10,2017,14,"Arizona Cardinals","Tennessee Titans","University of Phoenix Stadium","PICK",0,41,"DOME",72,0,NA,NA,"20171210TENARI","ARI","TEN","retractable",FALSE,FALSE,FALSE,"Sun","Dec",TRUE,FALSE,FALSE,0,0,"Pick","No Outlier","No Outlier",1021,1007,"strong","neutral","strong","neutral",24.75,23.75,25.125,23.75,0.519738575177072,0.480261424822928,"ARI (52%)",-3,3,"ARI","ARI (0)",1021,1007,48.7,47,"Over (41)"
"9169",2017-12-10,2017,14,"Buffalo Bills","Indianapolis Colts","New Era Field","PICK",0,41,"",NA,NA,NA,NA,"20171210INDBUF","BUF","IND","outdoor",FALSE,FALSE,FALSE,"Sun","Dec",TRUE,FALSE,FALSE,0,0,"Pick","No Outlier","No Outlier",909,877,"strong","neutral","neutral","neutral",24.0625,21.8125,23.625,23.8125,0.545039062920509,0.454960937079491,"BUF (55%)",-3.5,3.5,"BUF","BUF (0)",909,877,46.7,44,"Over (41)"
"9170",2017-12-10,2017,14,"Carolina Panthers","Minnesota Vikings","Bank of America Stadium","PICK",0,41,"",NA,NA,NA,NA,"20171210MINCAR","CAR","MIN","outdoor",FALSE,FALSE,FALSE,"Sun","Dec",TRUE,FALSE,FALSE,0,0,"Pick","No Outlier","No Outlier",1051,987,"neutral","neutral","neutral","neutral",20.9375,22.5,20.1875,20.125,0.589505906599053,0.410494093400947,"CAR (59%)",-4.5,4.5,"CAR","CAR (0)",1051,987,41.9,41,"PICK"
"9171",2017-12-10,2017,14,"Cincinnati Bengals","Chicago Bears","Paul Brown Stadium","PICK",0,41,"",NA,NA,NA,NA,"20171210CHICIN","CIN","CHI","outdoor",FALSE,FALSE,FALSE,"Sun","Dec",TRUE,FALSE,FALSE,0,0,"Pick","No Outlier","No Outlier",855,701,"neutral","neutral","weak","weak",18.4375,18.875,17.1875,24.9375,0.70694172054703,0.29305827945297,"CIN (71%)",-6,6,"CIN","CIN (0)",855,701,39.7,40,"Under (41)"
"9172",2017-12-10,2017,14,"Cleveland Browns","Green Bay Packers","FirstEnergy Stadium","PICK",0,41,"",NA,NA,NA,NA,"20171210GBCLE","CLE","GB","outdoor",FALSE,FALSE,FALSE,"Sun","Dec",TRUE,FALSE,FALSE,0,0,"Pick","No Outlier","No Outlier",646,1152,"weak","weak","strong","weak",16.375,27.6875,26.9375,24.4375,0.0368090056933085,0.963190994306691,"GB (96%)",9,-9,"GB","GB (0)",646,1152,47.7,47,"Over (41)"
"9173",2017-12-10,2017,14,"Denver Broncos","New York Jets","Sports Authority Field at Mile High","PICK",0,41,"",NA,NA,NA,NA,"20171210NYJDEN","DEN","NYJ","outdoor",FALSE,FALSE,FALSE,"Sun","Dec",TRUE,FALSE,FALSE,0,0,"Pick","No Outlier","No Outlier",1160,839,"neutral","neutral","weak","weak",21.5,18.4375,15.5,26.3125,0.871792727558692,0.128207272441308,"DEN (87%)",-10,10,"DEN","DEN (0)",1160,839,40.9,41,"PICK"
"9174",2017-12-10,2017,14,"Houston Texans","San Francisco 49ers","NRG Stadium","PICK",0,41,"",NA,NA,NA,NA,"20171210SFHOU","HOU","SF","retractable",FALSE,FALSE,FALSE,"Sun","Dec",TRUE,FALSE,FALSE,0,0,"Pick","No Outlier","No Outlier",955,687,"weak","neutral","weak","weak",16.0625,21.25,16.625,29.3125,0.828313851150152,0.171686148849848,"HOU (83%)",-8.5,8.5,"HOU","HOU (0)",955,687,41.6,39,"Under (41)"
"9175",2017-12-10,2017,14,"Jacksonville Jaguars","Seattle Seahawks","EverBank Field","PICK",0,41,"",NA,NA,NA,NA,"20171210SEAJAX","JAX","SEA","outdoor",FALSE,FALSE,FALSE,"Sun","Dec",TRUE,FALSE,FALSE,0,0,"Pick","No Outlier","No Outlier",784,1058,"neutral","neutral","neutral","neutral",20.375,23.6875,22.5,18.6875,0.16633839051251,0.83366160948749,"SEA (83%)",3.5,-3.5,"SEA","SEA (0)",784,1058,42.6,41,"PICK"
"9176",2017-12-10,2017,14,"Kansas City Chiefs","Oakland Raiders","Arrowhead Stadium","PICK",0,41,"",NA,NA,NA,NA,"20171210OAKKC","KC","OAK","outdoor",FALSE,FALSE,FALSE,"Sun","Dec",TRUE,TRUE,FALSE,0,0,"Pick","No Outlier","No Outlier",1319,1199,"strong","neutral","strong","neutral",25.8125,19.5,26.5,22,0.664313379729564,0.335686620270436,"KC (66%)",-6,6,"KC","KC (0)",1319,1199,46.9,49,"Over (41)"
"9177",2017-12-10,2017,14,"Los Angeles Chargers","Washington Redskins","StubHub Center","PICK",0,41,"",NA,NA,NA,NA,"20171210WASLAC","LAC","WAS","outdoor",FALSE,FALSE,FALSE,"Sun","Dec",TRUE,FALSE,FALSE,0,0,"Pick","No Outlier","No Outlier",765,970,"neutral","weak","strong","neutral",23.9375,26.1875,25.0625,23,0.234292138214757,0.765707861785243,"WAS (77%)",2,-2,"WAS","WAS (0)",765,970,49.1,46,"Over (41)"
"9178",2017-12-10,2017,14,"Los Angeles Rams","Philadelphia Eagles","Los Angeles Memorial Coliseum","PICK",0,41,"",NA,NA,NA,NA,"20171210PHILAR","LAR","PHI","outdoor",FALSE,FALSE,FALSE,"Sun","Dec",TRUE,FALSE,FALSE,0,0,"Pick","No Outlier","No Outlier",777,1036,"weak","weak","neutral","neutral",17.5625,24.9375,22.4375,21.9375,0.179911271678847,0.820088728321153,"PHI (82%)",3.5,-3.5,"PHI","PHI (0)",777,1036,43.4,42,"Over (41)"
"9179",2017-12-10,2017,14,"New York Giants","Dallas Cowboys","MetLife Stadium","PICK",0,41,"",NA,NA,NA,NA,"20171210DALNYG","NYG","DAL","outdoor",FALSE,FALSE,FALSE,"Sun","Dec",TRUE,TRUE,FALSE,0,0,"Pick","No Outlier","No Outlier",1044,1155,"weak","neutral","strong","neutral",17.9375,18.4375,25.6875,19.25,0.347364993059008,0.652635006940992,"DAL (65%)",-0.5,0.5,"NYG","NYG (0)",1044,1155,40.7,43,"Over (41)"
"9180",2017-12-10,2017,14,"Pittsburgh Steelers","Baltimore Ravens","Heinz Field","PICK",0,41,"",NA,NA,NA,NA,"20171210BALPIT","PIT","BAL","outdoor",FALSE,FALSE,FALSE,"Sun","Dec",TRUE,TRUE,FALSE,0,0,"Pick","No Outlier","No Outlier",1238,1004,"neutral","neutral","neutral","neutral",24,20.125,21.8125,19,0.795970709296421,0.204029290703579,"PIT (80%)",-8.5,8.5,"PIT","PIT (0)",1238,1004,42.5,42,"Over (41)"
"9181",2017-12-10,2017,14,"Tampa Bay Buccaneers","Detroit Lions","Raymond James Stadium","PICK",0,41,"",NA,NA,NA,NA,"20171210DETTB","TB","DET","outdoor",FALSE,FALSE,FALSE,"Sun","Dec",TRUE,FALSE,FALSE,0,0,"Pick","No Outlier","No Outlier",1098,1147,"neutral","neutral","neutral","neutral",22,22,21.9375,21.25,0.431230935322024,0.568769064677976,"DET (57%)",-2,2,"TB","TB (0)",1098,1147,43.6,42,"Over (41)"
"9182",2017-12-11,2017,14,"Miami Dolphins","New England Patriots","Hard Rock Stadium","PICK",0,41,"",NA,NA,NA,NA,"20171211NEMIA","MIA","NE","outdoor",FALSE,FALSE,FALSE,"Mon","Dec",FALSE,TRUE,FALSE,0,0,"Pick","No Outlier","No Outlier",1121,1266,"neutral","weak","strong","strong",23.25,24.0625,28.125,16.6875,0.304097240218231,0.695902759781769,"NE (70%)",0,0,"PICK","PICK",1121,1266,46.1,46,"Over (41)"
"9183",2017-12-14,2017,15,"Indianapolis Colts","Denver Broncos","Lucas Oil Stadium","PICK",0,41,"",NA,NA,NA,NA,"20171214DENIND","IND","DEN","retractable",FALSE,FALSE,FALSE,"Thurs","Dec",FALSE,FALSE,FALSE,0,0,"Pick","No Outlier","No Outlier",877,1160,"neutral","neutral","neutral","neutral",23.625,23.8125,21.5,18.4375,0.158520732543469,0.841479267456531,"DEN (84%)",3.5,-3.5,"DEN","DEN (0)",877,1160,43.7,42,"Over (41)"
"9184",2017-12-16,2017,15,"Detroit Lions","Chicago Bears","Ford Field","PICK",0,41,"DOME",72,0,NA,NA,"20171216CHIDET","DET","CHI","indoor",FALSE,FALSE,FALSE,"Sat","Dec",FALSE,TRUE,FALSE,0,0,"Pick","No Outlier","No Outlier",1147,701,"neutral","neutral","weak","weak",21.9375,21.25,17.1875,24.9375,0.942584762064958,0.0574152379350418,"DET (94%)",-12.5,12.5,"DET","DET (0)",1147,701,42.7,41,"PICK"
"9185",2017-12-16,2017,15,"Kansas City Chiefs","Los Angeles Chargers","Arrowhead Stadium","PICK",0,41,"",NA,NA,NA,NA,"20171216LACKC","KC","LAC","outdoor",FALSE,FALSE,FALSE,"Sat","Dec",FALSE,TRUE,FALSE,0,0,"Pick","No Outlier","No Outlier",1319,765,"strong","neutral","neutral","weak",25.8125,19.5,23.9375,26.1875,0.974925201839873,0.0250747981601271,"KC (97%)",-15.5,15.5,"KC","KC (0)",1319,765,47.7,46,"Over (41)"
"9186",2017-12-17,2017,15,"Buffalo Bills","Miami Dolphins","New Era Field","PICK",0,41,"",NA,NA,NA,NA,"20171217MIABUF","BUF","MIA","outdoor",FALSE,FALSE,FALSE,"Sun","Dec",TRUE,TRUE,FALSE,0,0,"Pick","No Outlier","No Outlier",909,1121,"strong","neutral","neutral","weak",24.0625,21.8125,23.25,24.0625,0.226767951532429,0.773232048467571,"MIA (77%)",2,-2,"MIA","MIA (0)",909,1121,46.6,47,"Over (41)"
"9187",2017-12-17,2017,15,"Carolina Panthers","Green Bay Packers","Bank of America Stadium","PICK",0,41,"",NA,NA,NA,NA,"20171217GBCAR","CAR","GB","outdoor",FALSE,FALSE,FALSE,"Sun","Dec",TRUE,FALSE,FALSE,0,0,"Pick","No Outlier","No Outlier",1051,1152,"neutral","neutral","strong","weak",20.9375,22.5,26.9375,24.4375,0.360512617803113,0.639487382196887,"GB (64%)",-1,1,"CAR","CAR (0)",1051,1152,47.4,47,"Over (41)"
"9188",2017-12-17,2017,15,"Cleveland Browns","Baltimore Ravens","FirstEnergy Stadium","PICK",0,41,"",NA,NA,NA,NA,"20171217BALCLE","CLE","BAL","outdoor",FALSE,FALSE,FALSE,"Sun","Dec",TRUE,TRUE,FALSE,0,0,"Pick","No Outlier","No Outlier",646,1004,"weak","weak","neutral","neutral",16.375,27.6875,21.8125,19,0.102806468821828,0.897193531178172,"BAL (90%)",5.5,-5.5,"BAL","BAL (0)",646,1004,42.4,41,"PICK"
"9189",2017-12-17,2017,15,"Jacksonville Jaguars","Houston Texans","EverBank Field","PICK",0,41,"",NA,NA,NA,NA,"20171217HOUJAX","JAX","HOU","outdoor",FALSE,FALSE,FALSE,"Sun","Dec",TRUE,TRUE,FALSE,0,0,"Pick","No Outlier","No Outlier",784,955,"neutral","neutral","weak","neutral",20.375,23.6875,16.0625,21.25,0.272730279658785,0.727269720341215,"HOU (73%)",1.5,-1.5,"HOU","HOU (0)",784,955,40.7,39,"Under (41)"
"9190",2017-12-17,2017,15,"Minnesota Vikings","Cincinnati Bengals","U.S. Bank Stadium","PICK",0,41,"DOME",72,0,NA,NA,"20171217CINMIN","MIN","CIN","indoor",FALSE,FALSE,FALSE,"Sun","Dec",TRUE,FALSE,FALSE,0,0,"Pick","No Outlier","No Outlier",987,855,"neutral","neutral","neutral","neutral",20.1875,20.125,18.4375,18.875,0.679639327487179,0.320360672512821,"MIN (68%)",-5.5,5.5,"MIN","MIN (0)",987,855,38.8,40,"Under (41)"
"9191",2017-12-17,2017,15,"New Orleans Saints","New York Jets","Mercedes-Benz Superdome","PICK",0,41,"DOME",72,0,NA,NA,"20171217NYJNO","NO","NYJ","indoor",FALSE,FALSE,FALSE,"Sun","Dec",TRUE,FALSE,FALSE,0,0,"Pick","No Outlier","No Outlier",943,839,"strong","weak","weak","weak",28.8125,29.25,15.5,26.3125,0.643449861607875,0.356550138392125,"NO (64%)",-5,5,"NO","NO (0)",943,839,49.9,47,"Over (41)"
"9192",2017-12-17,2017,15,"New York Giants","Philadelphia Eagles","MetLife Stadium","PICK",0,41,"",NA,NA,NA,NA,"20171217PHINYG","NYG","PHI","outdoor",FALSE,FALSE,FALSE,"Sun","Dec",TRUE,TRUE,FALSE,0,0,"Pick","No Outlier","No Outlier",1044,1036,"weak","neutral","neutral","neutral",17.9375,18.4375,22.4375,21.9375,0.511282287345923,0.488717712654077,"NYG (51%)",-3,3,"NYG","NYG (0)",1044,1036,40.4,40,"Under (41)"
"9193",2017-12-17,2017,15,"Oakland Raiders","Dallas Cowboys","Oakland Coliseum","PICK",0,41,"",NA,NA,NA,NA,"20171217DALOAK","OAK","DAL","outdoor",FALSE,FALSE,FALSE,"Sun","Dec",TRUE,FALSE,FALSE,0,0,"Pick","No Outlier","No Outlier",1199,1155,"strong","neutral","strong","neutral",26.5,22,25.6875,19.25,0.561811448099737,0.438188551900263,"OAK (56%)",-4.5,4.5,"OAK","OAK (0)",1199,1155,46.7,48,"Over (41)"
"9194",2017-12-17,2017,15,"Pittsburgh Steelers","New England Patriots","Heinz Field","PICK",0,41,"",NA,NA,NA,NA,"20171217NEPIT","PIT","NE","outdoor",FALSE,FALSE,FALSE,"Sun","Dec",TRUE,FALSE,FALSE,0,0,"Pick","No Outlier","No Outlier",1238,1266,"neutral","neutral","strong","strong",24,20.125,28.125,16.6875,0.460571140114555,0.539428859885445,"NE (54%)",-3,3,"PIT","PIT (0)",1238,1266,44.5,44,"Over (41)"
"9195",2017-12-17,2017,15,"San Francisco 49ers","Tennessee Titans","Levi's Stadium","PICK",0,41,"",NA,NA,NA,NA,"20171217TENSF","SF","TEN","outdoor",FALSE,FALSE,FALSE,"Sun","Dec",TRUE,FALSE,FALSE,0,0,"Pick","No Outlier","No Outlier",687,1007,"weak","weak","strong","neutral",16.625,29.3125,25.125,23.75,0.12894951764617,0.87105048235383,"TEN (87%)",5,-5,"TEN","TEN (0)",687,1007,47.4,44,"Over (41)"
"9196",2017-12-17,2017,15,"Seattle Seahawks","Los Angeles Rams","CenturyLink Field","PICK",0,41,"",NA,NA,NA,NA,"20171217LARSEA","SEA","LAR","outdoor",FALSE,FALSE,FALSE,"Sun","Dec",TRUE,TRUE,FALSE,0,0,"Pick","No Outlier","No Outlier",1058,777,"neutral","neutral","weak","weak",22.5,18.6875,17.5625,24.9375,0.839763178297641,0.160236821702359,"SEA (84%)",-9,9,"SEA","SEA (0)",1058,777,41.8,41,"PICK"
"9197",2017-12-17,2017,15,"Washington Redskins","Arizona Cardinals","FedExField","PICK",0,41,"",NA,NA,NA,NA,"20171217ARIWAS","WAS","ARI","outdoor",FALSE,FALSE,FALSE,"Sun","Dec",TRUE,FALSE,FALSE,0,0,"Pick","No Outlier","No Outlier",970,1021,"strong","neutral","strong","neutral",25.0625,23,24.75,23.75,0.428453727753075,0.571546272246925,"ARI (57%)",-1.5,1.5,"WAS","WAS (0)",970,1021,48.3,47,"Over (41)"
"9198",2017-12-18,2017,15,"Tampa Bay Buccaneers","Atlanta Falcons","Raymond James Stadium","PICK",0,41,"",NA,NA,NA,NA,"20171218ATLTB","TB","ATL","outdoor",FALSE,FALSE,FALSE,"Mon","Dec",FALSE,TRUE,FALSE,0,0,"Pick","No Outlier","No Outlier",1098,1229,"neutral","neutral","strong","weak",22,22,33.625,24.1875,0.32162665541494,0.67837334458506,"ATL (68%)",-0.5,0.5,"TB","TB (0)",1098,1229,50.9,47,"Over (41)"
"9199",2017-12-23,2017,16,"Baltimore Ravens","Indianapolis Colts","M&T Bank Stadium","PICK",0,41,"",NA,NA,NA,NA,"20171223INDBAL","BAL","IND","outdoor",FALSE,FALSE,FALSE,"Sat","Dec",FALSE,FALSE,FALSE,0,0,"Pick","No Outlier","No Outlier",1004,877,"neutral","neutral","neutral","neutral",21.8125,19,23.625,23.8125,0.673288790669041,0.326711209330959,"BAL (67%)",-5.5,5.5,"BAL","BAL (0)",1004,877,44.1,41,"PICK"
"9200",2017-12-23,2017,16,"Green Bay Packers","Minnesota Vikings","Lambeau Field","PICK",0,41,"",NA,NA,NA,NA,"20171223MINGB","GB","MIN","outdoor",FALSE,FALSE,FALSE,"Sat","Dec",FALSE,TRUE,FALSE,0,0,"Pick","No Outlier","No Outlier",1152,987,"strong","weak","neutral","neutral",26.9375,24.4375,20.1875,20.125,0.720175551737115,0.279824448262885,"GB (72%)",-6.5,6.5,"GB","GB (0)",1152,987,45.8,47,"Over (41)"
"9201",2017-12-24,2017,16,"Arizona Cardinals","New York Giants","University of Phoenix Stadium","PICK",0,41,"DOME",72,0,NA,NA,"20171224NYGARI","ARI","NYG","retractable",FALSE,FALSE,FALSE,"Sun","Dec",TRUE,FALSE,FALSE,0,0,"Pick","No Outlier","No Outlier",1021,1044,"strong","neutral","weak","neutral",24.75,23.75,17.9375,18.4375,0.467594816088185,0.532405183911815,"NYG (53%)",-2.5,2.5,"ARI","ARI (0)",1021,1044,42.4,44,"Over (41)"
"9202",2017-12-24,2017,16,"Carolina Panthers","Tampa Bay Buccaneers","Bank of America Stadium","PICK",0,41,"",NA,NA,NA,NA,"20171224TBCAR","CAR","TB","outdoor",FALSE,FALSE,FALSE,"Sun","Dec",TRUE,TRUE,FALSE,0,0,"Pick","No Outlier","No Outlier",1051,1098,"neutral","neutral","neutral","neutral",20.9375,22.5,22,22,0.434011547040677,0.565988452959323,"TB (57%)",-2,2,"CAR","CAR (0)",1051,1098,43.7,42,"Over (41)"
"9203",2017-12-24,2017,16,"Chicago Bears","Cleveland Browns","Soldier Field","PICK",0,41,"",NA,NA,NA,NA,"20171224CLECHI","CHI","CLE","outdoor",FALSE,FALSE,FALSE,"Sun","Dec",TRUE,FALSE,FALSE,0,0,"Pick","No Outlier","No Outlier",701,646,"weak","weak","weak","weak",17.1875,24.9375,16.375,27.6875,0.577089937385459,0.422910062614541,"CHI (58%)",-3.5,3.5,"CHI","CHI (0)",701,646,43.1,41,"PICK"
"9204",2017-12-24,2017,16,"Cincinnati Bengals","Detroit Lions","Paul Brown Stadium","PICK",0,41,"",NA,NA,NA,NA,"20171224DETCIN","CIN","DET","outdoor",FALSE,FALSE,FALSE,"Sun","Dec",TRUE,FALSE,FALSE,0,0,"Pick","No Outlier","No Outlier",855,1147,"neutral","neutral","neutral","neutral",18.4375,18.875,21.9375,21.25,0.150948028541478,0.849051971458522,"DET (85%)",4,-4,"DET","DET (0)",855,1147,40.2,42,"Over (41)"
"9205",2017-12-24,2017,16,"Dallas Cowboys","Seattle Seahawks","AT&T Stadium","PICK",0,41,"DOME",72,0,NA,NA,"20171224SEADAL","DAL","SEA","retractable",FALSE,FALSE,FALSE,"Sun","Dec",TRUE,FALSE,FALSE,0,0,"Pick","No Outlier","No Outlier",1155,1058,"strong","neutral","neutral","neutral",25.6875,19.25,22.5,18.6875,0.634180754290258,0.365819245709742,"DAL (63%)",-5.5,5.5,"DAL","DAL (0)",1155,1058,43.1,45,"Over (41)"
"9206",2017-12-24,2017,16,"Kansas City Chiefs","Miami Dolphins","Arrowhead Stadium","PICK",0,41,"",NA,NA,NA,NA,"20171224MIAKC","KC","MIA","outdoor",FALSE,FALSE,FALSE,"Sun","Dec",TRUE,FALSE,FALSE,0,0,"Pick","No Outlier","No Outlier",1319,1121,"strong","neutral","neutral","weak",25.8125,19.5,23.25,24.0625,0.758047499279252,0.241952500720748,"KC (76%)",-8,8,"KC","KC (0)",1319,1121,46.3,48,"Over (41)"
"9207",2017-12-24,2017,16,"New England Patriots","Buffalo Bills","Gillette Stadium","PICK",0,41,"",NA,NA,NA,NA,"20171224BUFNE","NE","BUF","outdoor",FALSE,FALSE,FALSE,"Sun","Dec",TRUE,TRUE,FALSE,0,0,"Pick","No Outlier","No Outlier",1266,909,"strong","strong","strong","neutral",28.125,16.6875,24.0625,21.8125,0.896558996260984,0.103441003739016,"NE (90%)",-11,11,"NE","NE (0)",1266,909,45.3,46,"Over (41)"
"9208",2017-12-24,2017,16,"New Orleans Saints","Atlanta Falcons","Mercedes-Benz Superdome","PICK",0,41,"DOME",72,0,NA,NA,"20171224ATLNO","NO","ATL","indoor",FALSE,FALSE,FALSE,"Sun","Dec",TRUE,TRUE,FALSE,0,0,"Pick","No Outlier","No Outlier",943,1229,"strong","weak","strong","weak",28.8125,29.25,33.625,24.1875,0.155969283193622,0.844030716806378,"ATL (84%)",3.5,-3.5,"ATL","ATL (0)",943,1229,57.9,52,"Over (41)"
"9209",2017-12-24,2017,16,"New York Jets","Los Angeles Chargers","MetLife Stadium","PICK",0,41,"",NA,NA,NA,NA,"20171224LACNYJ","NYJ","LAC","outdoor",FALSE,FALSE,FALSE,"Sun","Dec",TRUE,FALSE,FALSE,0,0,"Pick","No Outlier","No Outlier",839,765,"weak","weak","neutral","weak",15.5,26.3125,23.9375,26.1875,0.603196454345174,0.396803545654826,"NYJ (60%)",-4,4,"NYJ","NYJ (0)",839,765,46,43,"Over (41)"
"9210",2017-12-24,2017,16,"San Francisco 49ers","Jacksonville Jaguars","Levi's Stadium","PICK",0,41,"",NA,NA,NA,NA,"20171224JAXSF","SF","JAX","outdoor",FALSE,FALSE,FALSE,"Sun","Dec",TRUE,FALSE,FALSE,0,0,"Pick","No Outlier","No Outlier",687,784,"weak","weak","neutral","neutral",16.625,29.3125,20.375,23.6875,0.365819245709742,0.634180754290258,"JAX (63%)",0,0,"PICK","PICK",687,784,45,40,"Under (41)"
"9211",2017-12-24,2017,16,"Tennessee Titans","Los Angeles Rams","LP Stadium","PICK",0,41,"",NA,NA,NA,NA,"20171224LARTEN","TEN","LAR","outdoor",FALSE,FALSE,FALSE,"Sun","Dec",TRUE,FALSE,FALSE,0,0,"Pick","No Outlier","No Outlier",1007,777,"strong","neutral","weak","weak",25.125,23.75,17.5625,24.9375,0.791940503570035,0.208059496429965,"TEN (79%)",-8,8,"TEN","TEN (0)",1007,777,45.7,44,"Over (41)"
"9212",2017-12-24,2017,16,"Washington Redskins","Denver Broncos","FedExField","PICK",0,41,"",NA,NA,NA,NA,"20171224DENWAS","WAS","DEN","outdoor",FALSE,FALSE,FALSE,"Sun","Dec",TRUE,FALSE,FALSE,0,0,"Pick","No Outlier","No Outlier",970,1160,"strong","neutral","neutral","neutral",25.0625,23,21.5,18.4375,0.250870973144106,0.749129026855894,"DEN (75%)",1.5,-1.5,"DEN","DEN (0)",970,1160,44,45,"Over (41)"
"9213",2017-12-25,2017,16,"Houston Texans","Pittsburgh Steelers","NRG Stadium","PICK",0,41,"",NA,NA,NA,NA,"20171225PITHOU","HOU","PIT","retractable",FALSE,FALSE,FALSE,"Mon","Dec",FALSE,FALSE,FALSE,0,0,"Pick","No Outlier","No Outlier",955,1238,"weak","neutral","neutral","neutral",16.0625,21.25,24,20.125,0.158520732543469,0.841479267456531,"PIT (84%)",3.5,-3.5,"PIT","PIT (0)",955,1238,40.7,41,"PICK"
"9214",2017-12-25,2017,16,"Philadelphia Eagles","Oakland Raiders","Lincoln Financial Field","PICK",0,41,"",NA,NA,NA,NA,"20171225OAKPHI","PHI","OAK","outdoor",FALSE,FALSE,FALSE,"Mon","Dec",FALSE,FALSE,FALSE,0,0,"Pick","No Outlier","No Outlier",1036,1199,"neutral","neutral","strong","neutral",22.4375,21.9375,26.5,22,0.282208905647093,0.717791094352907,"OAK (72%)",0.5,-0.5,"OAK","OAK (0)",1036,1199,46.4,45,"Over (41)"
"9215",2017-12-31,2017,17,"Atlanta Falcons","Carolina Panthers","Georgia Dome","PICK",0,41,"DOME",72,0,NA,NA,"20171231CARATL","ATL","CAR","indoor",FALSE,FALSE,TRUE,"Sun","Dec",TRUE,TRUE,FALSE,0,0,"Pick","No Outlier","No Outlier",1229,1051,"strong","weak","neutral","neutral",33.625,24.1875,20.9375,22.5,0.735431857722528,0.264568142277472,"ATL (74%)",-7,7,"ATL","ATL (0)",1229,1051,50.6,48,"Over (41)"
"9216",2017-12-31,2017,17,"Baltimore Ravens","Cincinnati Bengals","M&T Bank Stadium","PICK",0,41,"",NA,NA,NA,NA,"20171231CINBAL","BAL","CIN","outdoor",FALSE,FALSE,TRUE,"Sun","Dec",TRUE,TRUE,FALSE,0,0,"Pick","No Outlier","No Outlier",1004,855,"neutral","neutral","neutral","neutral",21.8125,19,18.4375,18.875,0.700831866692752,0.299168133307248,"BAL (70%)",-6,6,"BAL","BAL (0)",1004,855,39.1,41,"PICK"
"9217",2017-12-31,2017,17,"Denver Broncos","Kansas City Chiefs","Sports Authority Field at Mile High","PICK",0,41,"",NA,NA,NA,NA,"20171231KCDEN","DEN","KC","outdoor",FALSE,FALSE,TRUE,"Sun","Dec",TRUE,TRUE,FALSE,0,0,"Pick","No Outlier","No Outlier",1160,1319,"neutral","neutral","strong","neutral",21.5,18.4375,25.8125,19.5,0.287006949320756,0.712993050679244,"KC (71%)",0,0,"PICK","PICK",1160,1319,42.6,46,"Over (41)"
"9218",2017-12-31,2017,17,"Detroit Lions","Green Bay Packers","Ford Field","PICK",0,41,"DOME",72,0,NA,NA,"20171231GBDET","DET","GB","indoor",FALSE,FALSE,TRUE,"Sun","Dec",TRUE,TRUE,FALSE,0,0,"Pick","No Outlier","No Outlier",1147,1152,"neutral","neutral","strong","weak",21.9375,21.25,26.9375,24.4375,0.492947997499363,0.507052002500637,"GB (51%)",-3,3,"DET","DET (0)",1147,1152,47.3,47,"Over (41)"
"9219",2017-12-31,2017,17,"Indianapolis Colts","Houston Texans","Lucas Oil Stadium","PICK",0,41,"",NA,NA,NA,NA,"20171231HOUIND","IND","HOU","retractable",FALSE,FALSE,TRUE,"Sun","Dec",TRUE,TRUE,FALSE,0,0,"Pick","No Outlier","No Outlier",877,955,"neutral","neutral","weak","neutral",23.625,23.8125,16.0625,21.25,0.391361731887408,0.608638268112592,"HOU (61%)",-1,1,"IND","IND (0)",877,955,42.4,40,"Under (41)"
"9220",2017-12-31,2017,17,"Los Angeles Chargers","Oakland Raiders","StubHub Center","PICK",0,41,"",NA,NA,NA,NA,"20171231OAKLAC","LAC","OAK","outdoor",FALSE,FALSE,TRUE,"Sun","Dec",TRUE,TRUE,FALSE,0,0,"Pick","No Outlier","No Outlier",765,1199,"neutral","weak","strong","neutral",23.9375,26.1875,26.5,22,0.0624629693798621,0.937537030620138,"OAK (94%)",7,-7,"OAK","OAK (0)",765,1199,49.3,47,"Over (41)"
"9221",2017-12-31,2017,17,"Los Angeles Rams","San Francisco 49ers","Los Angeles Memorial Coliseum","PICK",0,41,"",NA,NA,NA,NA,"20171231SFLAR","LAR","SF","outdoor",FALSE,FALSE,TRUE,"Sun","Dec",TRUE,TRUE,FALSE,0,0,"Pick","No Outlier","No Outlier",777,687,"weak","weak","weak","weak",17.5625,24.9375,16.625,29.3125,0.624832644665005,0.375167355334995,"LAR (62%)",-4,4,"LAR","LAR (0)",777,687,44.2,41,"PICK"
"9222",2017-12-31,2017,17,"Miami Dolphins","Buffalo Bills","Hard Rock Stadium","PICK",0,41,"",NA,NA,NA,NA,"20171231BUFMIA","MIA","BUF","outdoor",FALSE,FALSE,TRUE,"Sun","Dec",TRUE,TRUE,FALSE,0,0,"Pick","No Outlier","No Outlier",1121,909,"neutral","weak","strong","neutral",23.25,24.0625,24.0625,21.8125,0.773232048467571,0.226767951532429,"MIA (77%)",-7.5,7.5,"MIA","MIA (0)",1121,909,46.6,46,"Over (41)"
"9223",2017-12-31,2017,17,"Minnesota Vikings","Chicago Bears","U.S. Bank Stadium","PICK",0,41,"DOME",72,0,NA,NA,"20171231CHIMIN","MIN","CHI","indoor",FALSE,FALSE,TRUE,"Sun","Dec",TRUE,TRUE,FALSE,0,0,"Pick","No Outlier","No Outlier",987,701,"neutral","neutral","weak","weak",20.1875,20.125,17.1875,24.9375,0.844030716806378,0.155969283193622,"MIN (84%)",-9,9,"MIN","MIN (0)",987,701,41.2,41,"PICK"
"9224",2017-12-31,2017,17,"New England Patriots","New York Jets","Gillette Stadium","PICK",0,41,"",NA,NA,NA,NA,"20171231NYJNE","NE","NYJ","outdoor",FALSE,FALSE,TRUE,"Sun","Dec",TRUE,TRUE,FALSE,0,0,"Pick","No Outlier","No Outlier",1266,839,"strong","strong","weak","weak",28.125,16.6875,15.5,26.3125,0.934436555155853,0.0655634448441472,"NE (93%)",-12.5,12.5,"NE","NE (0)",1266,839,43.3,43,"Over (41)"
"9225",2017-12-31,2017,17,"New York Giants","Washington Redskins","MetLife Stadium","PICK",0,41,"",NA,NA,NA,NA,"20171231WASNYG","NYG","WAS","outdoor",FALSE,FALSE,TRUE,"Sun","Dec",TRUE,TRUE,FALSE,0,0,"Pick","No Outlier","No Outlier",1044,970,"weak","neutral","strong","neutral",17.9375,18.4375,25.0625,23,0.603196454345174,0.396803545654826,"NYG (60%)",-4.5,4.5,"NYG","NYG (0)",1044,970,42.2,42,"Over (41)"
"9226",2017-12-31,2017,17,"Philadelphia Eagles","Dallas Cowboys","Lincoln Financial Field","PICK",0,41,"",NA,NA,NA,NA,"20171231DALPHI","PHI","DAL","outdoor",FALSE,FALSE,TRUE,"Sun","Dec",TRUE,TRUE,FALSE,0,0,"Pick","No Outlier","No Outlier",1036,1155,"neutral","neutral","strong","neutral",22.4375,21.9375,25.6875,19.25,0.336976661009554,0.663023338990446,"DAL (66%)",-0.5,0.5,"PHI","PHI (0)",1036,1155,44.7,45,"Over (41)"
"9227",2017-12-31,2017,17,"Pittsburgh Steelers","Cleveland Browns","Heinz Field","PICK",0,41,"",NA,NA,NA,NA,"20171231CLEPIT","PIT","CLE","outdoor",FALSE,FALSE,TRUE,"Sun","Dec",TRUE,TRUE,FALSE,0,0,"Pick","No Outlier","No Outlier",1238,646,"neutral","neutral","weak","weak",24,20.125,16.375,27.6875,0.981827032707134,0.0181729672928655,"PIT (98%)",-16,16,"PIT","PIT (0)",1238,646,44.1,41,"PICK"
"9228",2017-12-31,2017,17,"Seattle Seahawks","Arizona Cardinals","CenturyLink Field","PICK",0,41,"",NA,NA,NA,NA,"20171231ARISEA","SEA","ARI","outdoor",FALSE,FALSE,TRUE,"Sun","Dec",TRUE,TRUE,FALSE,0,0,"Pick","No Outlier","No Outlier",1058,1021,"neutral","neutral","strong","neutral",22.5,18.6875,24.75,23.75,0.552039074560023,0.447960925439977,"SEA (55%)",-4,4,"SEA","SEA (0)",1058,1021,44.8,44,"Over (41)"
"9229",2017-12-31,2017,17,"Tampa Bay Buccaneers","New Orleans Saints","Raymond James Stadium","PICK",0,41,"",NA,NA,NA,NA,"20171231NOTB","TB","NO","outdoor",FALSE,FALSE,TRUE,"Sun","Dec",TRUE,TRUE,FALSE,0,0,"Pick","No Outlier","No Outlier",1098,943,"neutral","neutral","strong","weak",22,22,28.8125,29.25,0.708156711172405,0.291843288827595,"TB (71%)",-6.5,6.5,"TB","TB (0)",1098,943,51,46,"Over (41)"
"9230",2017-12-31,2017,17,"Tennessee Titans","Jacksonville Jaguars","LP Stadium","PICK",0,41,"",NA,NA,NA,NA,"20171231JAXTEN","TEN","JAX","outdoor",FALSE,FALSE,TRUE,"Sun","Dec",TRUE,TRUE,FALSE,0,0,"Pick","No Outlier","No Outlier",1007,784,"strong","neutral","neutral","neutral",25.125,23.75,20.375,23.6875,0.784775649310268,0.215224350689732,"TEN (78%)",-7.5,7.5,"TEN","TEN (0)",1007,784,46.5,44,"Over (41)"
